soc_code,job_title,job_description,domain
100001,AI Specialist 1,"Perform research, development, and implementation of ai technologies for industrial and commercial applications.",AI
100002,AI Specialist 2,"Perform research, development, and implementation of ai technologies for industrial and commercial applications.",AI
100003,AI Specialist 3,"Perform research, development, and implementation of ai technologies for industrial and commercial applications.",AI
100004,AI Specialist 4,"Perform research, development, and implementation of ai technologies for industrial and commercial applications.",AI
100005,AI Specialist 5,"Perform research, development, and implementation of ai technologies for industrial and commercial applications.",AI
100006,AI Specialist 6,"Perform research, development, and implementation of ai technologies for industrial and commercial applications.",AI
100007,AI Specialist 7,"Perform research, development, and implementation of ai technologies for industrial and commercial applications.",AI
100008,AI Specialist 8,"Perform research, development, and implementation of ai technologies for industrial and commercial applications.",AI
100009,Electronics Specialist 1,"Perform research, development, and implementation of electronics technologies for industrial and commercial applications.",Electronics
100010,Electronics Specialist 2,"Perform research, development, and implementation of electronics technologies for industrial and commercial applications.",Electronics
100011,Electronics Specialist 3,"Perform research, development, and implementation of electronics technologies for industrial and commercial applications.",Electronics
100012,Electronics Specialist 4,"Perform research, development, and implementation of electronics technologies for industrial and commercial applications.",Electronics
100013,Electronics Specialist 5,"Perform research, development, and implementation of electronics technologies for industrial and commercial applications.",Electronics
100014,Electronics Specialist 6,"Perform research, development, and implementation of electronics technologies for industrial and commercial applications.",Electronics
100015,Electronics Specialist 7,"Perform research, development, and implementation of electronics technologies for industrial and commercial applications.",Electronics
100016,Electronics Specialist 8,"Perform research, development, and implementation of electronics technologies for industrial and commercial applications.",Electronics
100017,ICT Specialist 1,"Perform research, development, and implementation of ict technologies for industrial and commercial applications.",ICT
100018,ICT Specialist 2,"Perform research, development, and implementation of ict technologies for industrial and commercial applications.",ICT
100019,ICT Specialist 3,"Perform research, development, and implementation of ict technologies for industrial and commercial applications.",ICT
100020,ICT Specialist 4,"Perform research, development, and implementation of ict technologies for industrial and commercial applications.",ICT
100021,ICT Specialist 5,"Perform research, development, and implementation of ict technologies for industrial and commercial applications.",ICT
100022,ICT Specialist 6,"Perform research, development, and implementation of ict technologies for industrial and commercial applications.",ICT
100023,ICT Specialist 7,"Perform research, development, and implementation of ict technologies for industrial and commercial applications.",ICT
100024,ICT Specialist 8,"Perform research, development, and implementation of ict technologies for industrial and commercial applications.",ICT
100025,Manufacturing Specialist 1,"Perform research, development, and implementation of manufacturing technologies for industrial and commercial applications.",Manufacturing
100026,Manufacturing Specialist 2,"Perform research, development, and implementation of manufacturing technologies for industrial and commercial applications.",Manufacturing
100027,Manufacturing Specialist 3,"Perform research, development, and implementation of manufacturing technologies for industrial and commercial applications.",Manufacturing
100028,Manufacturing Specialist 4,"Perform research, development, and implementation of manufacturing technologies for industrial and commercial applications.",Manufacturing
100029,Manufacturing Specialist 5,"Perform research, development, and implementation of manufacturing technologies for industrial and commercial applications.",Manufacturing
100030,Manufacturing Specialist 6,"Perform research, development, and implementation of manufacturing technologies for industrial and commercial applications.",Manufacturing
100031,Manufacturing Specialist 7,"Perform research, development, and implementation of manufacturing technologies for industrial and commercial applications.",Manufacturing
100032,Manufacturing Specialist 8,"Perform research, development, and implementation of manufacturing technologies for industrial and commercial applications.",Manufacturing
100033,Biotech Specialist 1,"Perform research, development, and implementation of biotech technologies for industrial and commercial applications.",Biotech
100034,Biotech Specialist 2,"Perform research, development, and implementation of biotech technologies for industrial and commercial applications.",Biotech
100035,Biotech Specialist 3,"Perform research, development, and implementation of biotech technologies for industrial and commercial applications.",Biotech
100036,Biotech Specialist 4,"Perform research, development, and implementation of biotech technologies for industrial and commercial applications.",Biotech
100037,Biotech Specialist 5,"Perform research, development, and implementation of biotech technologies for industrial and commercial applications.",Biotech
100038,Biotech Specialist 6,"Perform research, development, and implementation of biotech technologies for industrial and commercial applications.",Biotech
100039,Biotech Specialist 7,"Perform research, development, and implementation of biotech technologies for industrial and commercial applications.",Biotech
100040,Biotech Specialist 8,"Perform research, development, and implementation of biotech technologies for industrial and commercial applications.",Biotech
