soc_code,job_title,job_description
100001,Develop machine learning solutions for large-scale systems...,Develop machine learning solutions for large-scale systems Design and optimize deep neural networks architectures Improve efficiency and reliability of machine learning systems
100002,Document technical specifications related to computer vision...,Document technical specifications related to computer vision Integrate computer vision into existing operational workflows Improve efficiency and reliability of machine learning systems
100003,Document technical specifications related to data mining...,Document technical specifications related to data mining Document technical specifications related to machine learning Develop computer vision solutions for large-scale systems
100004,Develop data mining solutions for large-scale systems...,Develop data mining solutions for large-scale systems Improve efficiency and reliability of deep neural networks systems Improve efficiency and reliability of deep neural networks systems
100005,Implement testing and validation procedures for natural lang...,Implement testing and validation procedures for natural language processing Analyze performance of data mining components Implement testing and validation procedures for computer vision
100006,Document technical specifications related to deep neural net...,Document technical specifications related to deep neural networks Document technical specifications related to natural language processing Improve efficiency and reliability of data mining systems
100007,Analyze performance of data mining components...,Analyze performance of data mining components Analyze performance of machine learning components Integrate deep neural networks into existing operational workflows
100008,Design and optimize computer vision architectures...,Design and optimize computer vision architectures Document technical specifications related to natural language processing Integrate data mining into existing operational workflows
100009,Document technical specifications related to signal processi...,Document technical specifications related to signal processing Analyze performance of embedded systems components Improve efficiency and reliability of signal processing systems
100010,Integrate signal processing into existing operational workfl...,Integrate signal processing into existing operational workflows Develop embedded systems solutions for large-scale systems Design and optimize optical devices architectures
100011,Integrate signal processing into existing operational workfl...,Integrate signal processing into existing operational workflows Develop optical devices solutions for large-scale systems Analyze performance of electronic circuits components
100012,Develop embedded systems solutions for large-scale systems...,Develop embedded systems solutions for large-scale systems Analyze performance of embedded systems components Develop electronic circuits solutions for large-scale systems
100013,Design and optimize optical devices architectures...,Design and optimize optical devices architectures Integrate optical devices into existing operational workflows Develop embedded systems solutions for large-scale systems
100014,Design and optimize optical devices architectures...,Design and optimize optical devices architectures Document technical specifications related to signal processing Implement testing and validation procedures for optical devices
100015,Design and optimize signal processing architectures...,Design and optimize signal processing architectures Integrate optical devices into existing operational workflows Analyze performance of sensor systems components
100016,Integrate electronic circuits into existing operational work...,Integrate electronic circuits into existing operational workflows Design and optimize optical devices architectures Analyze performance of embedded systems components
100017,Design and optimize network security architectures...,Design and optimize network security architectures Improve efficiency and reliability of wireless transmission systems Design and optimize network security architectures
100018,Analyze performance of communication networks components...,Analyze performance of communication networks components Improve efficiency and reliability of wireless transmission systems Document technical specifications related to wireless transmission
100019,Design and optimize network security architectures...,Design and optimize network security architectures Design and optimize network security architectures Develop communication networks solutions for large-scale systems
100020,Analyze performance of network security components...,Analyze performance of network security components Analyze performance of information systems components Improve efficiency and reliability of network security systems
100021,Analyze performance of network security components...,Analyze performance of network security components Document technical specifications related to network security Document technical specifications related to network security
100022,Design and optimize information systems architectures...,Design and optimize information systems architectures Improve efficiency and reliability of information systems systems Design and optimize network security architectures
100023,Implement testing and validation procedures for network secu...,Implement testing and validation procedures for network security Improve efficiency and reliability of information systems systems Integrate network security into existing operational workflows
100024,Design and optimize information systems architectures...,Design and optimize information systems architectures Analyze performance of network security components Analyze performance of information systems components
100025,Improve efficiency and reliability of process control system...,Improve efficiency and reliability of process control systems Develop production optimization solutions for large-scale systems Develop industrial automation solutions for large-scale systems
100026,Integrate industrial automation into existing operational wo...,Integrate industrial automation into existing operational workflows Document technical specifications related to robotic systems Analyze performance of robotic systems components
100027,Develop robotic systems solutions for large-scale systems...,Develop robotic systems solutions for large-scale systems Improve efficiency and reliability of production optimization systems Document technical specifications related to robotic systems
100028,Implement testing and validation procedures for industrial a...,Implement testing and validation procedures for industrial automation Implement testing and validation procedures for robotic systems Analyze performance of industrial automation components
100029,Design and optimize industrial automation architectures...,Design and optimize industrial automation architectures Develop industrial automation solutions for large-scale systems Improve efficiency and reliability of process control systems
100030,Implement testing and validation procedures for process cont...,Implement testing and validation procedures for process control Analyze performance of industrial automation components Design and optimize process control architectures
100031,Design and optimize industrial automation architectures...,Design and optimize industrial automation architectures Improve efficiency and reliability of robotic systems systems Design and optimize process control architectures
100032,Implement testing and validation procedures for process cont...,Implement testing and validation procedures for process control Implement testing and validation procedures for process control Analyze performance of process control components
100033,Improve efficiency and reliability of diagnostic systems sys...,Improve efficiency and reliability of diagnostic systems systems Integrate diagnostic systems into existing operational workflows Improve efficiency and reliability of laboratory automation systems
100034,Design and optimize biomedical data analysis architectures...,Design and optimize biomedical data analysis architectures Document technical specifications related to diagnostic systems Analyze performance of diagnostic systems components
100035,Document technical specifications related to laboratory auto...,Document technical specifications related to laboratory automation Document technical specifications related to diagnostic systems Improve efficiency and reliability of genetic sequencing systems
100036,Improve efficiency and reliability of genetic sequencing sys...,Improve efficiency and reliability of genetic sequencing systems Document technical specifications related to biomedical data analysis Document technical specifications related to genetic sequencing
100037,Analyze performance of genetic sequencing components...,Analyze performance of genetic sequencing components Analyze performance of diagnostic systems components Design and optimize genetic sequencing architectures
100038,Implement testing and validation procedures for diagnostic s...,Implement testing and validation procedures for diagnostic systems Implement testing and validation procedures for genetic sequencing Document technical specifications related to genetic sequencing
100039,Implement testing and validation procedures for laboratory a...,Implement testing and validation procedures for laboratory automation Analyze performance of biomedical data analysis components Design and optimize diagnostic systems architectures
100040,Implement testing and validation procedures for genetic sequ...,Implement testing and validation procedures for genetic sequencing Document technical specifications related to diagnostic systems Develop laboratory automation solutions for large-scale systems
