skill_id,skill_name,skill_category,description,esco_skill_uri
SKL_0001,Python,Technical,"High-level interpreted programming language widely used in AI, data science, web development and automation.",http://data.europa.eu/esco/skill/e991206f
SKL_0002,Java,Technical,"Object-oriented programming language designed for enterprise systems, Android development and high-throughput backends.",http://data.europa.eu/esco/skill/3f82eb61
SKL_0003,JavaScript,Technical,Dynamic scripting language essential for client-side and full-stack web applications.,http://data.europa.eu/esco/skill/6cb1d436
SKL_0004,TypeScript,Technical,Statically typed superset of JavaScript providing compile-time type safety for scalable applications.,
SKL_0005,C++,Technical,"High-performance compiled language used for system software, game development, graphics and embedded systems.",http://data.europa.eu/esco/skill/7cf555b7
SKL_0006,C,Technical,"Procedural low-level programming language used in operating system kernels, device drivers and microcontrollers.",http://data.europa.eu/esco/skill/a739502b
SKL_0007,Go,Technical,Statically typed compiled language developed by Google optimized for high-concurrency microservices and cloud tooling.,
SKL_0008,Rust,Technical,"Memory-safe systems programming language without garbage collection, ideal for high-reliability systems.",
SKL_0009,C#,Technical,Modern object-oriented language developed by Microsoft for .NET enterprise systems and Unity game development.,
SKL_0010,Kotlin,Technical,Modern concise language running on JVM and the primary language for native Android mobile development.,
SKL_0011,Swift,Technical,Modern compiled programming language developed by Apple for iOS and macOS applications.,
SKL_0012,SQL,Technical,"Standard declarative query language for storing, querying and managing relational database systems.",http://data.europa.eu/esco/skill/8f7b587a
SKL_0013,R,Technical,Statistical programming language and environment widely used for statistical modeling and bioinformatics.,
SKL_0014,PHP,Technical,Server-side scripting language primarily used for web development and legacy CMS platforms.,
SKL_0015,Bash / Shell Scripting,Technical,"Command-line scripting for automating Linux/Unix system administration, CI/CD jobs and workflows.",
SKL_0016,Scala,Technical,Hybrid functional and object-oriented JVM language used extensively with Apache Spark big data ecosystems.,
SKL_0017,Solidity,Technical,Contract-oriented language for writing Ethereum smart contracts and decentralized applications.,
SKL_0018,HTML5,Technical,Standard markup language for structuring web documents and interactive frontends.,
SKL_0019,CSS3,Technical,Style sheet language used for presenting and styling responsive web layouts and animations.,
SKL_0020,GraphQL,Technical,Query language and runtime for APIs that lets clients request exactly the data they need.,
SKL_0021,Dart,Technical,"Client-optimized language for fast apps on any platform, powering Flutter mobile development.",
SKL_0022,Ruby,Technical,"Dynamic, object-oriented language focused on simplicity and productivity, powering Ruby on Rails.",
SKL_0023,Perl,Technical,"High-level, general-purpose interpreted scripting language used in text manipulation and bioinformatics pipelines.",
SKL_0024,Julia,Technical,High-performance dynamic programming language designed for scientific computing and numerical analysis.,
SKL_0025,MATLAB Programming,Technical,"High-level technical computing language used for algorithm development, matrix computation and visualization.",
SKL_0026,Data Structures & Algorithms,Technical,Fundamental computer science principles for organizing data and solving computational problems efficiently.,
SKL_0027,Object-Oriented Programming (OOP),Technical,Software design paradigm based on objects containing data fields and associated methods.,
SKL_0028,System Design,Technical,"Architectural practice of defining modules, interfaces and infrastructure for high-scale distributed systems.",
SKL_0029,Microservices Architecture,Technical,"Architectural style structuring an application as a collection of loosely coupled, independently deployable services.",
SKL_0030,Distributed Systems,Technical,Concepts and protocols governing computational systems spanning multiple networked computers.,
SKL_0031,RESTful API Design,Technical,Standard architectural guidelines for developing scalable HTTP-based web application interfaces.,
SKL_0032,Event-Driven Architecture,Technical,"Software architecture pattern orchestrating behavior around the production, detection and consumption of state events.",
SKL_0033,Design Patterns,Technical,"Reusable, tested solutions to common recurring problems in software and object-oriented architecture.",
SKL_0034,Database Indexing & Query Optimization,Technical,Techniques for tuning relational and NoSQL databases for high-concurrency low-latency queries.,
SKL_0035,Caching Strategies,Technical,Techniques utilizing in-memory key-value stores like Redis/Memcached to accelerate response times.,
SKL_0036,Continuous Integration (CI),Technical,Software engineering practice of merging code changes frequently into a shared repository with automated builds.,
SKL_0037,Continuous Deployment (CD),Technical,Automated deployment pipeline delivering verified software builds directly to staging and production.,
SKL_0038,Unit & Integration Testing,Technical,Methods and frameworks for verifying that individual functions and inter-module interactions operate correctly.,
SKL_0039,Performance Profiling & Optimization,Technical,"Analysis of CPU, memory, thread contention and I/O bottlenecks to maximize throughput.",
SKL_0040,Domain-Driven Design (DDD),Technical,Software design approach focusing on modeling software to match a business domain according to input from domain experts.,
SKL_0041,Test-Driven Development (TDD),Technical,Software development process relying on the repetition of very short development cycles with initial test creation.,
SKL_0042,Micro-Frontends Architecture,Technical,Design pattern where web application frontends are composed of semi-independent micro-apps.,
SKL_0043,Concurrency & Multithreading,Technical,Techniques allowing computers to execute multiple instruction streams simultaneously.,
SKL_0044,gRPC & Protocol Buffers,Technical,High-performance open-source RPC framework using structured serialization protocol.,
SKL_0045,WebSockets & Real-Time Streaming,Technical,"Bi-directional, full-duplex communication protocols for interactive real-time applications.",
SKL_0046,OAuth 2.0 & OpenID Connect,Technical,Industry standard protocols for authorization and authentication across distributed web applications.,
SKL_0047,Mobile Native Optimization,Technical,"Memory management, battery efficiency and frame-rate optimization for iOS and Android.",
SKL_0048,Code Refactoring,Technical,Restructuring existing computer code without changing its external behavior to improve maintainability.,
SKL_0049,Cross-Platform Mobile Architecture,Technical,Developing applications using Flutter or React Native targeting multiple operating systems.,
SKL_0050,API Gateway Management,Technical,"Configuring rate limiting, token validation and traffic routing through reverse proxies.",
SKL_0051,Machine Learning,Technical,"Supervised, unsupervised and semi-supervised algorithms for training predictive mathematical models on data.",http://data.europa.eu/esco/skill/984b2eb2
SKL_0052,Deep Learning,Technical,Artificial neural network architectures with multiple hidden layers for high-dimensional feature learning.,
SKL_0053,Natural Language Processing (NLP),Technical,"Techniques for computational processing, analysis, and generation of human natural language.",
SKL_0054,Computer Vision,Technical,"Algorithms for visual scene understanding, object detection, segmentation and video tracking.",
SKL_0055,Large Language Models (LLMs),Technical,Transformer-based generative models trained on massive text corpora for generative text and reasoning.,
SKL_0056,Prompt Engineering,Technical,"Techniques for formulating, optimizing and chaining textual instructions for generative foundation models.",
SKL_0057,Retrieval-Augmented Generation (RAG),Technical,Architecture combining vector databases and semantic search with LLMs to generate grounded answers.,
SKL_0058,MLOps,Technical,"Practices and tooling for automating the deployment, monitoring, CI/CD and retraining of machine learning models in production.",
SKL_0059,Feature Engineering,Technical,Transformation of raw domain data into structured mathematical representations that enhance model accuracy.,
SKL_0060,Statistical Hypothesis Testing,Technical,"Formulating and testing null hypotheses, p-values, confidence intervals and ANOVA tests.",
SKL_0061,Exploratory Data Analysis,Technical,"Analyzing dataset distributions, correlations, outliers and patterns using descriptive statistics.",
SKL_0062,Time Series Analysis,Technical,"Statistical and machine learning methods for modeling temporally indexed data, seasonality and trends.",
SKL_0063,A/B Testing,Technical,Randomized controlled experimentation methodology for testing product variants and behavioral conversion rates.,
SKL_0064,Recommendation Systems,Technical,"Collaborative filtering, matrix factorization and content-based ranking models for personalization.",
SKL_0065,Vector Databases & Embeddings,Technical,"Indexing and similarity search of high-dimensional vector embeddings using tools like Pinecone, Milvus or FAISS.",
SKL_0066,Data Warehousing,Technical,Designing centralized repositories of structured historical data optimized for analytical reporting and OLAP.,
SKL_0067,ETL / ELT Pipeline Development,Technical,"Extracting, transforming and loading high-volume data streams between source systems and analytics platforms.",
SKL_0068,Big Data Processing,Technical,Distributed batch and stream computing across distributed nodes using Hadoop and Spark clusters.,
SKL_0069,Reinforcement Learning,Technical,Training agents to take sequential actions in an environment to maximize cumulative reward.,
SKL_0070,Speech Recognition & Synthesis,Technical,Acoustic modeling and waveform generation for converting spoken audio to text and vice-versa.,
SKL_0071,Generative Adversarial Networks (GANs),Technical,Machine learning framework pitting two neural networks against each other to generate synthetic media.,
SKL_0072,Model Quantization & Pruning,Technical,Techniques for shrinking neural network memory footprints to run efficiently on edge devices.,
SKL_0073,Data Lineage & Quality Monitoring,Technical,"Tracking data origin, transformations and enforcing data integrity checks across pipelines.",
SKL_0074,Predictive Analytics,Technical,Using statistical modeling and data mining to predict future outcomes and probabilities.,
SKL_0075,Geospatial Spatial Analysis,Technical,"Manipulating raster and vector geographic data, coordinates and spatial joins.",
SKL_0076,Decision Trees & Ensemble Methods,Technical,"Random Forest, XGBoost and LightGBM gradient boosted tree algorithms for tabular predictive models.",
SKL_0077,Dimensionality Reduction,Technical,Principal Component Analysis (PCA) and t-SNE algorithms for feature compression and visualization.,
SKL_0078,Bayesian Inference,Technical,Statistical method where Bayes' theorem is used to update the probability for a hypothesis as more evidence arrives.,
SKL_0079,Graph Neural Networks (GNNs),Technical,Deep learning models capable of capturing relationships in graph and network-structured data.,
SKL_0080,AI Model Explainability (XAI),Technical,SHAP and LIME interpretability techniques to audit black-box machine learning decisions.,
SKL_0081,Cloud Architecture,Technical,"Designing resilient, scalable and cost-effective multi-tier infrastructure across public cloud platforms.",
SKL_0082,Containerization,Technical,"Packaging software and its runtime dependencies into portable, isolated execution containers.",
SKL_0083,Container Orchestration,Technical,"Automated deployment, scaling, networking and management of containerized workloads.",
SKL_0084,Infrastructure as Code (IaC),Technical,Provisioning and managing cloud infrastructure using declarative configuration files.,
SKL_0085,Linux System Administration,Technical,"Managing user permissions, daemon services, systemd, disk partitions and kernel parameters on Linux.",
SKL_0086,Network Protocols,Technical,"Knowledge of TCP/IP, UDP, DNS, DHCP, BGP, TLS/SSL and HTTP/3 networking layers.",
SKL_0087,Site Reliability Engineering,Technical,"Applying software engineering practices to infrastructure operations, tracking SLAs, SLOs and error budgets.",
SKL_0088,Serverless Computing,Technical,Event-driven computing model where cloud providers dynamically manage server allocation.,
SKL_0089,Load Balancing & Reverse Proxies,Technical,"Distributing network traffic across server clusters using tools like Nginx, HAProxy and ALB.",
SKL_0090,Disaster Recovery Planning,Domain Knowledge,Procedures and infrastructure replication strategies to restore critical systems during catastrophic outages.,
SKL_0091,Configuration Management,Technical,"Automating consistent deployment states across server fleets using Ansible, Salt or Puppet.",
SKL_0092,Log Aggregation & Analysis,Technical,"Centralizing application and system logs using ELK Stack, Loki or Datadog.",
SKL_0093,Distributed Tracing & APM,Technical,Monitoring request latency across microservice hops using OpenTelemetry and Jaeger.,
SKL_0094,Cloud Cost Optimization (FinOps),Technical,"Managing reserved instances, right-sizing workloads and eliminating unused cloud resources.",
SKL_0095,Virtualization Technologies,Technical,"Hypervisors, KVM, VMware ESXi and virtual machine provisioning in data centers.",
SKL_0096,DNS Management & CDN Caching,Technical,Configuring global content delivery networks (Cloudflare/CloudFront) and authoritative nameservers.,
SKL_0097,Hybrid Cloud Networking,Technical,"Configuring AWS Direct Connect, Azure ExpressRoute and site-to-site IPsec VPN tunnels.",
SKL_0098,Storage Area Networks (SAN/NAS),Technical,"Configuring high-performance block, file and object storage in enterprise infrastructure.",
SKL_0099,High Availability Clustering,Technical,Architecting multi-region active-active and failover clusters for zero-downtime services.,
SKL_0100,Edge Computing Deployment,Technical,Distributing computational tasks and CDN workers closer to end users.,
SKL_0101,System Hardening,Technical,"Securing server operating systems by closing open ports, disabling root logins and enforcing SELinux.",
SKL_0102,Database Replication & Failover,Technical,"Configuring read replicas, write masters and automated failover for high database uptime.",
SKL_0103,Zero Downtime Deployments,Technical,Blue-green and Canary deployment strategies to release software without interrupting active users.,
SKL_0104,Secrets Management,Technical,Managing API tokens and encryption keys securely using HashiCorp Vault or AWS Secrets Manager.,
SKL_0105,Firmware & BIOS Flashing,Technical,Hardware-level low-level firmware flashing and baseboard management controller (BMC) maintenance.,
SKL_0106,Threat Modeling,Technical,"Structured approach for identifying, enumerating and prioritizing cyber threats across system attack surfaces.",
SKL_0107,Penetration Testing,Technical,"Simulating real-world cyber attacks against networks, web applications and APIs to identify vulnerabilities.",
SKL_0108,Vulnerability Assessment,Technical,"Systematic scanning, identification and classification of security flaws in enterprise hardware and software.",
SKL_0109,Cryptography,Technical,"Mathematical algorithms for symmetric/asymmetric encryption, hashing, digital signatures and key exchange.",
SKL_0110,Public Key Infrastructure (PKI),Technical,"Framework of certificates, digital signatures and certificate authorities managing encryption keys.",
SKL_0111,Identity and Access Management (IAM),Technical,Policies and tools ensuring that the right identities have appropriate access to enterprise technology.,
SKL_0112,Security Information and Event Management (SIEM),Technical,"Centralized aggregation, correlation and alert triage of security telemetry across enterprise logs.",
SKL_0113,Incident Response,Technical,"Standardized containment, eradication and recovery procedures following a cybersecurity breach or ransomware event.",
SKL_0114,Digital Forensics,Technical,"Recovery, preservation and legal analysis of digital evidence from hard drives, memory and network captures.",
SKL_0115,OWASP Top 10,Domain Knowledge,Standard awareness document representing broad consensus on the most critical security risks to web applications.,
SKL_0116,Malware Analysis,Technical,Reverse engineering and behavioral dissection of malicious binaries in isolated sandbox environments.,
SKL_0117,DevSecOps,Technical,Integrating automated static (SAST) and dynamic (DAST) security scans directly into CI/CD pipelines.,
SKL_0118,Web Application Firewall (WAF) Tuning,Technical,"Configuring inspection rules to shield web applications from SQL injection, XSS and DDoS attacks.",
SKL_0119,Security Operations Center (SOC) Triage,Technical,"Analyzing real-time alert queues, verifying indicators of compromise (IoC) and escalating incidents.",
SKL_0120,Cloud Security Posture Management (CSPM),Technical,"Automated compliance and misconfiguration auditing across AWS, Azure and GCP resources.",
SKL_0121,Network Packet Inspection,Technical,Deep packet inspection (DPI) analyzing raw PCAP network captures using Wireshark.,
SKL_0122,Endpoint Detection and Response (EDR),Technical,Deploying and managing agent-based behavioral endpoint security across corporate workstations.,
SKL_0123,Social Engineering Prevention,Domain Knowledge,"Phishing simulation, employee security training and defense against credential harvesting.",
SKL_0124,Privileged Access Management (PAM),Technical,"Managing credential vaults, session recording and just-in-time access for IT administrators.",
SKL_0125,Zero Trust Architecture,Technical,"Security model requiring all users and devices, whether in or outside the network, to be authenticated.",
SKL_0126,Static Application Security Testing (SAST),Technical,Source code security analysis detecting security vulnerabilities prior to program compilation.,
SKL_0127,Dynamic Application Security Testing (DAST),Technical,Black-box security testing scanning running web applications from the outside.,
SKL_0128,Cyber Threat Intelligence Feeds,Technical,Integrating STIX/TAXII threat feeds into SIEM platforms to track active adversary tactics.,
SKL_0129,Data Loss Prevention (DLP),Technical,Enforcing policies preventing confidential enterprise files from being exfiltrated to external media.,
SKL_0130,Industrial Control Systems (ICS) Security,Technical,"Securing operational technology (OT), SCADA networks and programmable logic controllers against attacks.",
SKL_0131,Finite Element Analysis (FEA),Technical,"Numerical simulation method for predicting how structural parts react to mechanical stress, vibration and fatigue.",
SKL_0132,Computational Fluid Dynamics (CFD),Technical,"Numerical analysis and algorithms used to simulate fluid flow, aerodynamics and thermal convection.",
SKL_0133,Thermodynamic Analysis,Technical,"Principles governing energy conversion, heat cycles, refrigerants and entropy in engineering systems.",
SKL_0134,Computer-Aided Design (CAD),Technical,"Use of dedicated 3D computer software to create, modify, analyze or optimize engineering design models.",
SKL_0135,Geometric Dimensioning and Tolerancing (GD&T),Technical,System of engineering symbols used to specify nominal geometry and allowable variation of manufacturing parts.,
SKL_0136,Kinematics & Dynamics,Technical,"Analysis of mechanical motion, linkage synthesis, velocities, accelerations and inertial forces in machinery.",
SKL_0137,HVAC Engineering,Technical,"Design principles for building environmental comfort, ventilation air changes, cooling loads and duct sizing.",
SKL_0138,Electric Vehicle Powertrain Architecture,Technical,"Design of electric motors, inverters, power distribution units and transmissions for electric mobility.",
SKL_0139,Battery Management Systems (BMS),Technical,"Hardware and firmware algorithms monitoring battery cell voltages, state of charge (SoC) and thermal runaways.",
SKL_0140,Robotics Kinematics & Control,Technical,"Mathematical modeling of robotic arm degree-of-freedom joints, inverse kinematics and PID controllers.",
SKL_0141,PLC Programming,Technical,"Ladder logic, structured text and function block diagram programming for industrial programmable logic controllers.",
SKL_0142,SCADA Systems,Technical,Supervisory control and data acquisition architectures used for industrial process visualization and control.,
SKL_0143,Structural Analysis & Design,Technical,"Calculations verifying load-bearing capacity, deflection and earthquake resilience of concrete and steel structures.",
SKL_0144,Geotechnical Soil Mechanics,Technical,"Testing shear strength, bearing capacity and settlement of soil strata for building and bridge foundations.",
SKL_0145,Highway Geometric Design,Technical,"Alignments, sight distances, super-elevation and pavement layer design according to IRC standards.",
SKL_0146,Hydrologic Modeling & Water Supply,Technical,"Rainfall-runoff calculations, pipeline hydraulics, stormwater drainage and sewer network sizing.",
SKL_0147,Power Systems Analysis,Technical,"Load flow studies, fault analysis, short circuit calculations and transient stability on electrical grids.",
SKL_0148,Electrical Substation Design,Technical,"Layout, busbar sizing, lightning arresters and circuit breaker specification for high-voltage substations.",
SKL_0149,Solar PV System Sizing,Technical,"Calculating solar irradiance, string inverter sizing, performance ratio and balance-of-system electrical layout.",
SKL_0150,Chemical Process Simulation,Technical,"Mass and energy balances, unit operation modeling and reaction thermodynamics in chemical plants.",
SKL_0151,Piping and Instrumentation Diagram (P&ID),Technical,"Detailed schematic diagrams showing piping, process equipment, valves and instrumentation loops.",
SKL_0152,Aerodynamic Wing Design,Technical,"Lift-to-drag optimization, subsonic/supersonic airfoil analysis and boundary layer separation prevention.",
SKL_0153,Avionics & Flight Control Systems,Technical,"Integration of fly-by-wire autopilots, inertial navigation, air data computers and radar transponders.",
SKL_0154,VLSI Physical Design,Technical,"Floorplanning, placement, clock tree synthesis (CTS) and routing of integrated circuits in silicon.",
SKL_0155,Verilog / SystemVerilog,Technical,"Hardware description languages used for modeling electronic circuits, ASIC design and FPGA logic.",
SKL_0156,Printed Circuit Board (PCB) Design,Technical,"Schematic capture, multi-layer trace routing, impedance matching and Gerber file generation for electronics.",
SKL_0157,Lean Manufacturing & Six Sigma,Domain Knowledge,"Methodology focused on waste elimination, process capability (Cp/Cpk) and DMAIC defect reduction.",
SKL_0158,CNC G-Code Programming,Technical,"Writing numerical control instructions for multi-axis milling machines, lathes and EDM wire cutters.",
SKL_0159,Welding Metallurgy & Inspection (NDT),Technical,"Weld joint design, metallurgy and Non-Destructive Testing methods including ultrasonic and radiographic testing.",
SKL_0160,Polymer Extrusion & Injection Molding,Technical,Processing thermoplastic polymers through extruder barrels and tool dies under controlled heat and pressure.,
SKL_0161,Reservoir Simulation & Well Logging,Technical,Modeling oil and gas underground porous rock formations and petrophysical electrical logs.,
SKL_0162,Subsea Pipeline & Offshore Engineering,Technical,"Designing offshore oil platforms, subsea risers and cathodic protection against ocean corrosion.",
SKL_0163,Smart Grid Integration,Technical,"Integrating distributed solar, wind and battery storage into utility power networks with AMI smart meters.",
SKL_0164,Piping Stress Analysis,Technical,"Evaluating thermal expansion stresses, flange leakages and pipe supports using CAESAR II software.",
SKL_0165,Bridge Structural Engineering,Technical,"Designing prestressed concrete girders, cable-stayed spans and seismic expansion joints.",
SKL_0166,Clinical Diagnosis,Technical,Comprehensive medical process of determining which disease or condition explains a patient's symptoms and signs.,
SKL_0167,Pharmacotherapy & Drug Prescribing,Technical,"Evidence-based selection, dosing and monitoring of pharmaceutical agents to treat clinical illness.",
SKL_0168,Emergency Medical Care & Triage,Technical,Prioritizing and treating critically ill patients during acute medical emergencies and trauma.,
SKL_0169,Cardiopulmonary Resuscitation (CPR / BLS),Technical,"Emergency life-saving procedure performed when the heart stops beating, including chest compressions.",
SKL_0170,Advanced Cardiovascular Life Support (ACLS),Technical,"Clinical interventions for the urgent treatment of cardiac arrest, stroke and life-threatening arrhythmias.",
SKL_0171,Electrocardiogram (ECG) Interpretation,Technical,"Reading and diagnosing cardiac rhythms, ischemia, myocardial infarctions and conduction blocks from ECGs.",
SKL_0172,Medical Imaging Interpretation,Technical,"Diagnostic reading of X-rays, Computed Tomography (CT), Magnetic Resonance Imaging (MRI) and Ultrasound.",
SKL_0173,Surgical Suturing & Wound Closure,Technical,Aseptic technique and surgical stitching techniques used to close incisions and manage tissue trauma.,
SKL_0174,Infection Control & Sterilization,Domain Knowledge,"Hospital protocols preventing nosocomial infections, aseptic precautions and autoclave sterilization.",
SKL_0175,Physiotherapy Assessment & Rehabilitation,Technical,"Clinical evaluation of joint range of motion, manual muscle testing and design of rehabilitative exercises.",
SKL_0176,Therapeutic Exercise Prescription,Technical,Designing targeted biomechanical exercise programs to restore physical function and athletic performance.,
SKL_0177,Pharmacology & Pharmacokinetics,Domain Knowledge,"Scientific study of drug mechanisms, absorption, distribution, metabolism and elimination (ADME).",
SKL_0178,Prescription Dispensing & Patient Counseling,Technical,"Verifying pharmaceutical dosages, screening drug interactions and educating patients on medication use.",
SKL_0179,Pharmaceutical Formulation Development,Technical,"Developing stable dosage forms including tablets, capsules, liposomes, injectables and topical gels.",
SKL_0180,Good Manufacturing Practice (cGMP),Domain Knowledge,Statutory quality standards ensuring pharmaceuticals and medical devices are consistently produced.,
SKL_0181,Clinical Trial Protocols (GCP),Domain Knowledge,"Ethical and scientific quality standards for designing, conducting and reporting clinical trials involving human subjects.",
SKL_0182,Pharmacovigilance & Adverse Event Reporting,Technical,"Monitoring, detecting, assessing and preventing adverse drug reactions throughout a medication's lifecycle.",
SKL_0183,Clinical Biochemistry Diagnostics,Technical,"Analyzing blood electrolytes, enzymes, liver/renal function panels and lipids using automated analyzers.",
SKL_0184,Histopathology & Tissue Staining,Technical,"Microscopic examination of tissue biopsies, formalin fixation and hematoxylin-eosin (H&E) staining.",
SKL_0185,Phlebotomy & Sample Collection,Technical,Technique of puncturing veins with a cannula to collect diagnostic blood specimens safely.,
SKL_0186,Refraction & Vision Assessment,Technical,Clinical determination of optical refractive errors and prescribing corrective lenses or visual therapy.,
SKL_0187,Hospital Accreditation Standards (NABH / JCI),Domain Knowledge,Statutory hospital quality and patient safety criteria required for national and international accreditation.,
SKL_0188,Recombinant DNA & Gene Cloning,Technical,Molecular biological techniques for splicing target genes into plasmid vectors and transforming host cells.,
SKL_0189,Polymerase Chain Reaction (PCR),Technical,In vitro molecular method used to amplify specific target DNA sequences millions of times for diagnosis.,
SKL_0190,Next-Generation Sequencing (NGS) Analysis,Technical,High-throughput parallel sequencing of genomes and bioinformatic interpretation of genetic variants.,
SKL_0191,Fermentation & Bioprocess Scaling,Technical,"Culturing microbial and mammalian cell lines in bioreactors and optimizing yield, dissolved oxygen and pH.",
SKL_0192,Agronomic Soil Nutrient Management,Technical,"Testing soil pH, N-P-K levels and prescribing organic fertilizers and micronutrients for optimal crop yields.",
SKL_0193,HACCP & Food Safety Regulations,Domain Knowledge,Hazard Analysis Critical Control Point preventive system ensuring food products are biologically safe.,
SKL_0194,Dental Cavity Restoration,Technical,Drilling decayed tooth enamel and filling cavity preparations with composite resin or amalgam.,
SKL_0195,Orthodontic Alignment Planning,Technical,Diagnosing malocclusion and prescribing fixed brackets or transparent aligner mechanics.,
SKL_0196,Dialysis Machine Operation,Technical,"Setting dialyzer blood flow rates, priming extracorporeal circuits and monitoring hemodialysis patients.",
SKL_0197,Mechanical Ventilation Management,Technical,"Setting PEEP, tidal volumes, pressure support modes and arterial blood gas interpretation in ICUs.",
SKL_0198,Medical Charting & EHR Management,Technical,"Accurate documentation of clinical histories, orders and diagnostic codes in electronic health records.",
SKL_0199,Clinical Psychology Psychotherapy,Technical,"Cognitive Behavioral Therapy (CBT), psychodynamic counseling and objective psychometric assessment.",
SKL_0200,Therapeutic Diet Planning,Technical,"Formulating caloric, macronutrient and micronutrient meal plans for diabetes, renal and cardiac patients.",
SKL_0201,Financial Modeling,Technical,"Building quantitative spreadsheet models forecasting revenue, balance sheets and cash flows for valuation.",
SKL_0202,Discounted Cash Flow (DCF) Valuation,Technical,Valuing an investment or enterprise by discounting its expected future free cash flows to present value.,
SKL_0203,Statutory Auditing,Technical,Independent examination of financial records and statements to issue an audit opinion under statutory law.,
SKL_0204,Corporate Taxation & GST,Domain Knowledge,"Rules, calculations and compliance filings for corporate income taxes and indirect Goods and Services Tax.",
SKL_0205,Financial Statement Analysis,Technical,"Evaluating liquidity, solvency, profitability and operating efficiency using balance sheets and P&L accounts.",
SKL_0206,Equity Valuation & Pitchbook Creation,Technical,"Analyzing market multiples (P/E, EV/EBITDA) and preparing investor pitch decks for corporate deals.",
SKL_0207,Mergers & Acquisitions Due Diligence,Technical,"Investigating financial, legal, tax and commercial liabilities of target corporations before acquisition.",
SKL_0208,Credit Risk Assessment,Technical,"Evaluating debtor creditworthiness, probability of default (PD), loss given default (LGD) and collateral value.",
SKL_0209,Portfolio Management & Asset Allocation,Technical,"Constructing diversified investment portfolios balancing equities, fixed income, commodities and cash.",
SKL_0210,Derivatives & Hedging Strategies,Technical,"Using options, futures, forward contracts and swaps to manage financial market risks and currency exposure.",
SKL_0211,Treasury & Working Capital Management,Technical,"Managing cash conversion cycles, liquidity reserves, commercial paper and foreign exchange positions.",
SKL_0212,Cost Accounting & Budgetary Control,Technical,"Calculating product manufacturing cost per unit, standard costing, variances and operating budgets.",
SKL_0213,Forensic Accounting & Fraud Detection,Technical,"Investigating white-collar financial crimes, shell corporations, asset diversion and embezzlement.",
SKL_0214,Actuarial Life & General Pricing,Technical,"Mathematical modeling of mortality, morbidity, hazard rates and claim severity to price insurance policies.",
SKL_0215,International Financial Reporting Standards (IFRS),Domain Knowledge,Global accounting principles providing a common language so company accounts are transparent across borders.,
SKL_0216,Ind AS Accounting Standards,Domain Knowledge,Indian Accounting Standards harmonized with IFRS prescribed under Section 133 of the Companies Act.,
SKL_0217,Econometric Modeling,Technical,"Applying statistical methods to economic data to estimate relationships, test economic theories and forecast trends.",
SKL_0218,Algorithmic Trading Strategies,Technical,"Designing automated execution algorithms, statistical arbitrage, market making and backtesting engines.",
SKL_0219,Anti-Money Laundering (AML) Compliance,Domain Knowledge,"Statutory regulatory frameworks detecting suspicious transactions, PEP screenings and KYC laws.",
SKL_0220,Fixed Income Yield Curve Analysis,Technical,"Analyzing bond durations, convexity, credit spreads and central bank interest rate policies.",
SKL_0221,Venture Capital Cap Table Modeling,Technical,"Modeling convertible notes, SAFE agreements, option pools and dilutive funding rounds for startups.",
SKL_0222,Leveraged Buyout (LBO) Modeling,Technical,"Modeling debt tranches, interest coverage, sponsor equity returns and debt paydown in private equity.",
SKL_0223,Commercial Loan Syndication,Technical,Structuring debt financing across multiple lending institutions for large infrastructure projects.,
SKL_0224,Wealth Management Estate Planning,Technical,"Structuring family trusts, wills and tax-efficient wealth succession for ultra-high-net-worth clients.",
SKL_0225,Trade Finance & Letters of Credit,Technical,"Issuing, examining and settling documentary credits, bank guarantees and bill discounting under UCP 600.",
SKL_0226,Insurance Claims Underwriting,Technical,"Assessing hazard exposure, policy exclusions and setting claim indemnity reserves in general insurance.",
SKL_0227,Mutual Fund NAV Accounting,Technical,"Calculating portfolio net asset values, expense ratios and compliance with SEBI mutual fund guidelines.",
SKL_0228,Foreign Exchange (FX) Dealing,Technical,"Spot, forward and swap currency transactions executed on electronic interbank trading terminals.",
SKL_0229,Behavioral Finance Analysis,Domain Knowledge,Studying psychological cognitive biases that influence investor market decisions and anomalies.,
SKL_0230,Microfinance Credit Appraisal,Technical,Evaluating joint liability group (JLG) creditworthiness and cash flow in unbanked rural sectors.,
SKL_0231,Business Analysis & Requirements Gathering,Technical,"Eliciting, analyzing, documenting and validating business needs and functional specifications.",
SKL_0232,Product Roadmapping,Technical,"Establishing strategic product visions, feature milestones and prioritized release schedules.",
SKL_0233,Agile & Scrum Methodologies,Domain Knowledge,"Iterative frameworks emphasizing cross-functional sprint planning, standups, retrospectives and user stories.",
SKL_0234,Project Management & Scheduling,Technical,"Defining project work breakdown structures (WBS), critical path method (CPM), budgets and Gantt charts.",
SKL_0235,Supply Chain Network Optimization,Technical,"Designing distribution centers, inventory holding points, route planning and safety stock policies.",
SKL_0236,Strategic Vendor Procurement,Technical,"Executing RFPs, vendor negotiations, service level agreements (SLAs) and supplier performance scorecards.",
SKL_0237,Enterprise Risk Management (ERM),Domain Knowledge,"Identifying, assessing and formulating contingency responses for strategic, operational and financial risks.",
SKL_0238,Change Management,Soft,Structured approach to supporting individuals and teams through corporate reorganizations and transformations.,
SKL_0239,Go-To-Market (GTM) Strategy,Technical,"Formulating target customer personas, pricing tiers, distribution channels and launch marketing for products.",
SKL_0240,Customer Relationship Management (CRM),Domain Knowledge,"Principles and practices of managing interactions, sales funnels and retention journeys with prospective clients.",
SKL_0241,Key Performance Indicators (KPIs) & OKRs,Domain Knowledge,Setting quantitative Objectives and Key Results to align corporate strategy with operational execution.,
SKL_0242,Business Process Re-engineering (BPR),Technical,Radical redesign of core business processes to achieve dramatic improvements in productivity and cycle time.,
SKL_0243,Warehouse Layout & WMS Optimization,Technical,"Designing slotting, cross-docking, picking routes and automated sortation in distribution hubs.",
SKL_0244,Fleet Routing & Telematics,Technical,"Optimizing vehicle dispatch schedules, fuel efficiency and tracking GPS telematics in commercial fleets.",
SKL_0245,Human Resources Talent Acquisition,Technical,"Candidate sourcing, structured behavioral interviews, compensation benchmarking and offer rollout.",
SKL_0246,Performance Management & Appraisals,Domain Knowledge,"Designing 360-degree feedback, annual appraisal rating bell curves and performance improvement plans.",
SKL_0247,Corporate ESG Reporting,Domain Knowledge,Reporting sustainability data according to Business Responsibility and Sustainability Reporting (BRSR).,
SKL_0248,Operations Capacity Planning,Technical,"Balancing resource bandwidth, machine utilization and throughput against expected demand forecasts.",
SKL_0249,Strategic Business Partnering (HRBP),Soft,Aligning business unit executive objectives with organizational design and workforce planning.,
SKL_0250,Corporate Mergers Integration,Domain Knowledge,"Post-merger integration of organizational culture, technology platforms, payroll and operating models.",
SKL_0251,Pricing Strategy & Yield Management,Technical,"Dynamic pricing models optimizing margin, customer willingness to pay and seasonal demand elasticity.",
SKL_0252,Customer Experience (CX) Journey Mapping,Technical,"Mapping touchpoints, customer friction areas, churn points and CSAT scorecards.",
SKL_0253,Service Level Agreement (SLA) Governance,Technical,"Formulating contractual uptime, response time thresholds and financial penalty clauses with vendors.",
SKL_0254,Crisis Management & Business Continuity,Domain Knowledge,Protocols ensuring mission-critical enterprise operations survive physical emergencies or economic shocks.,
SKL_0255,Lean Kaizen Continuous Improvement,Domain Knowledge,Workplace philosophy focusing on regular small incremental improvements to eliminate shop-floor waste.,
SKL_0256,Search Engine Optimization (SEO),Technical,"Optimizing website technical architecture, metadata and backlinks to rank higher in organic search results.",
SKL_0257,Pay-Per-Click Advertising (PPC),Technical,"Managing search and display advertising campaigns across Google Ads, Bing and programmatic networks.",
SKL_0258,Performance Marketing & ROAS,Technical,"Managing paid growth campaigns tracking Return on Ad Spend, Customer Acquisition Cost (CAC) and conversion rates.",
SKL_0259,Social Media Marketing & Community,Technical,"Building organic engagement, brand presence, creator collabs and follower community on social platforms.",
SKL_0260,Content Strategy & Copywriting,Technical,"Crafting persuasive, engaging and clear written content for ad campaigns, landing pages and email sequences.",
SKL_0261,Brand Identity & Positioning,Domain Knowledge,"Defining brand differentiation, value proposition, voice, visual identity and long-term brand equity.",
SKL_0262,Market Research & Consumer Insights,Technical,"Conducting qualitative focus groups, quantitative surveys and perceptual mapping to understand consumer behavior.",
SKL_0263,Public Relations & Media Outreach,Technical,"Cultivating journalist relationships, drafting press releases and managing corporate crisis media statements.",
SKL_0264,B2B Enterprise Solution Selling,Technical,Complex consultative sales methodology addressing multi-stakeholder buyer committees and long deal cycles.,
SKL_0265,Customer Success & Churn Reduction,Technical,"Proactive post-sale onboarding, software adoption tracking, customer health scoring and renewals.",
SKL_0266,Email Marketing Automation,Technical,"Setting up automated drip campaigns, segmentation, open rate optimizations and deliverability rules.",
SKL_0267,Influencer Marketing & Talent Relations,Technical,"Sourcing social media creators, negotiating contract deliverables and evaluating campaign reach.",
SKL_0268,Sales Pipeline Forecasting,Technical,"Tracking deal velocity, win rates and forecasting quarterly sales revenue using CRM analytics.",
SKL_0269,Inside Sales Cold Outreach,Technical,"High-volume targeted email sequences, LinkedIn outreach and phone qualification of prospective buyers.",
SKL_0270,Account-Based Marketing (ABM),Technical,Orchestrating personalized marketing campaigns targeting specific high-value enterprise accounts.,
SKL_0271,Affiliate Marketing Management,Technical,"Recruiting publisher networks, setting up attribution tracking links and monitoring affiliate commissions.",
SKL_0272,Channel Partner Management,Technical,"Building distributor networks, value-added resellers (VARs) and joint sales enablement programs.",
SKL_0273,Event & Experiential Marketing,Technical,"Organizing corporate conferences, trade show booths, product launch activations and webinars.",
SKL_0274,Conversion Rate Optimization (CRO),Technical,"Hypothesis-driven landing page testing, heatmap analysis and checkout funnel optimization.",
SKL_0275,Customer Retention & Loyalty Programs,Technical,"Designing point systems, tiered membership clubs and retention mechanics to elevate customer LTV.",
SKL_0276,Wireframing & UI Prototyping,Technical,Creating low-fidelity layout sketches and high-fidelity interactive clickable prototypes of digital screens.,
SKL_0277,User Experience (UX) Research,Technical,"Conducting user interviews, contextual inquiries, cognitive walkthroughs and usability test sessions.",
SKL_0278,Design Systems Architecture,Technical,"Creating and maintaining reusable UI token libraries, components and design guidelines across Figma and code.",
SKL_0279,Typography & Visual Hierarchy,Technical,"Applying font pairing, scale, contrast, whitespace and layout grids to guide visual reading flow.",
SKL_0280,Motion Design & Micro-Interactions,Technical,"Designing purposeful interface transitions, subtle loading states and interactive UI animations.",
SKL_0281,3D Hard-Surface & Organic Modeling,Technical,"Constructing polygonal, NURBS and digital sculpt meshes of characters, machinery and game environments.",
SKL_0282,3D Rigging & Animation,Technical,"Building skeletal bone hierarchies, inverse kinematics handles and keyframing realistic character movement.",
SKL_0283,Architectural Building Drafting,Technical,"Drawing precise floor plans, structural sections, elevations and working details for building construction.",
SKL_0284,Building Information Modeling (BIM),Technical,"Coordinating multi-discipline 3D models with parametric spatial data, clash detection and cost schedules.",
SKL_0285,Interior Space Planning & Finishes,Technical,"Designing functional room circulation, electrical layouts, false ceilings and material specifications.",
SKL_0286,Sustainable Green Building Design,Domain Knowledge,"Designing energy-efficient envelopes, daylighting, rainwater harvesting and renewable systems (LEED/GRIHA).",
SKL_0287,Garment Pattern Making & Draping,Technical,Creating 2D paper patterns and draping muslin on dress forms to construct wearable fashion garments.,
SKL_0288,Color Grading & Color Theory,Technical,"Balancing color harmonies, DaVinci Resolve color palettes and visual mood across photography and film.",
SKL_0289,Video Editing & Narrative Pacing,Technical,"Assembling footage, trimming cuts, managing audio tracks and narrative flow in non-linear editing software.",
SKL_0290,Sound Design & Audio Foley,Technical,"Recording real-world acoustic effects, synthesizers and mixing immersive spatial audio for games and films.",
SKL_0291,Storyboarding & Visual Scripting,Technical,"Drawing sequential panel sketches illustrating camera angles, character staging and narrative beats.",
SKL_0292,Lighting & Rendering in 3D,Technical,"Configuring ray-traced global illumination, HDRI maps and physical camera exposures in Arnold or V-Ray.",
SKL_0293,Urban Masterplanning & Zoning,Technical,"Designing urban street networks, mixed-use land allocations, transit corridors and open spaces.",
SKL_0294,Landscape Ecological Planning,Technical,"Designing outdoor civic spaces, planting indigenous flora and sustainable soil water management.",
SKL_0295,Packaging Structural Design,Technical,"Designing protective folding carton geometries, corrugated flute strengths and tamper-evident packaging.",
SKL_0296,Visual Brand Asset Creation,Technical,"Designing corporate stationery, icons, presentation templates and brand visual guidelines.",
SKL_0297,Fashion Tech Pack Development,Technical,"Documenting technical garment specifications, stitch types, trims, measurements and bill of materials.",
SKL_0298,Textile Weave & Print Design,Technical,"Creating repeating digital prints, jacquard weave structures and textile dye recipes for mills.",
SKL_0299,Game Level Flow & Balancing,Technical,"Designing spatial player progression, difficulty curves and placement of interactive game mechanics.",
SKL_0300,Art Direction & Concept Ideation,Soft,"Guiding overarching visual aesthetics, moodboards and creative vision across multidisciplinary design teams.",
SKL_0301,Legal Research & Precedent Analysis,Technical,"Analyzing judicial rulings, high court citations and statutory provisions using legal research databases.",
SKL_0302,Contract Drafting & Review,Technical,"Drafting precise indemnities, representations, warranties, non-disclosure and commercial agreements.",
SKL_0303,Litigation Trial Advocacy,Technical,"Presenting oral legal arguments, examining witnesses and arguing motions before judicial benches.",
SKL_0304,Intellectual Property Prosecution,Technical,"Filing patent applications, responding to examination office actions, and protecting trademarks and copyrights.",
SKL_0305,Commercial Dispute Arbitration,Technical,"Representing parties in domestic and international institutional arbitration tribunals (e.g. SIAC, MCIA).",
SKL_0306,Corporate Law & Governance Compliance,Domain Knowledge,"Filing board resolutions, annual returns and complying with Companies Act 2013 and SEBI Listing Regulations.",
SKL_0307,Data Privacy Law & Compliance,Domain Knowledge,"Advising on compliance with India's DPDP Act, GDPR, cross-border data transfer rules and privacy policies.",
SKL_0308,Constitutional Law Interpretation,Technical,"Drafting writ petitions, fundamental rights challenges and administrative law judicial reviews.",
SKL_0309,Criminal Law Trial Procedure,Technical,"Handling bail hearings, criminal chargesheets, forensic cross-examinations and trial defenses under CrPC/BNSS.",
SKL_0310,Labor & Employment Law Compliance,Domain Knowledge,"Advising on industrial disputes, factory compliance, POSH Act, gratuity and severance negotiations.",
SKL_0311,Real Estate Title Due Diligence,Technical,"Investigating 30-year revenue encumbrance certificates, mutation records, land use zoning and RERA compliance.",
SKL_0312,Banking Insolvency & Bankruptcy (IBC),Domain Knowledge,"Navigating Corporate Insolvency Resolution Processes (CIRP), Committee of Creditors and NCLT hearings.",
SKL_0313,Tax Dispute Litigation,Technical,Appearing before Income Tax Appellate Tribunals (ITAT) and GST Appellate Authorities for disputed assessments.,
SKL_0314,Patent Claim Drafting,Technical,"Formulating independent and dependent patent claims satisfying novelty, non-obviousness and utility.",
SKL_0315,Trademark Opposition & Enforcement,Technical,"Filing trademark notices of opposition, cease-and-desist letters and pursuing trademark infringement lawsuits.",
SKL_0316,Maritime & Admiralty Law,Domain Knowledge,"Legal rules governing charterparties, bills of lading, ship arrest warrants and maritime cargo salvage.",
SKL_0317,Environmental Clearance Law,Domain Knowledge,"Navigating EIA notifications, National Green Tribunal (NGT) hearings and state pollution control consents.",
SKL_0318,Competition & Antitrust Law,Domain Knowledge,"Analyzing market dominance abuse, anti-competitive cartel agreements and merger control with CCI.",
SKL_0319,Legal Due Diligence Reporting,Technical,Preparing comprehensive red-flag due diligence reports for private equity and M&A transactions.,
SKL_0320,Alternative Dispute Resolution (ADR),Technical,Facilitating structured negotiations and legal mediations to settle commercial disputes out of court.,
SKL_0321,Curriculum & Lesson Planning,Technical,"Designing age-appropriate pedagogical lesson units, learning objectives and formative assessments.",
SKL_0322,Classroom Management & Engagement,Soft,"Creating inclusive, structured and motivating learning environments for diverse student cohorts.",
SKL_0323,Instructional Design & Microlearning,Technical,"Structuring digital learning modules using Bloom's Taxonomy, ADDIE model and multimedia principles.",
SKL_0324,Formative & Summative Assessment Design,Technical,"Creating rubrics, diagnostic tests, objective exams and competency-based assessment scorecards.",
SKL_0325,STEM Pedagogy & Practical Labs,Technical,Demonstrating science experiments and fostering inquiry-based mathematics learning in secondary schools.,
SKL_0326,Special Needs Inclusive Education,Technical,"Formulating Individualized Education Plans (IEPs) for students with dyslexia, ADHD or autism spectrum.",
SKL_0327,Psychometric Career Counseling,Technical,"Administering aptitude, interest (Holland Codes) and personality inventories to guide student career pathways.",
SKL_0328,Academic Research Paper Writing,Technical,"Formulating literature reviews, research methodologies, statistical analyses and peer-reviewed journal papers.",
SKL_0329,University Accreditation (NAAC / NBA),Domain Knowledge,"Documenting outcome-based education (OBE), course outcomes (COs), program outcomes (POs) for accreditation.",
SKL_0330,Community Needs Assessment,Technical,"Conducting participatory rural appraisals (PRA), household surveys and focus group needs assessments in social work.",
SKL_0331,Non-Profit Grant Writing,Technical,"Drafting compelling philanthropic grant proposals, logical frameworks (LogFrames) and project budgets.",
SKL_0332,Social Impact Monitoring & Evaluation (M&E),Technical,"Tracking program indicators, baseline-endline evaluations and Social Return on Investment (SROI).",
SKL_0333,Public Policy Policy Brief Writing,Technical,Condensing complex socio-economic empirical findings into actionable 2-page executive policy memos for government.,
SKL_0334,Adult Corporate Training Delivery,Soft,"Facilitating interactive professional development workshops, roleplays and executive coaching sessions.",
SKL_0335,Early Childhood Foundational Literacy,Technical,"Developing phonics, letter recognition, fine motor skills and play-based learning for primary education.",
SKL_0336,Git,Tools & Technologies,Distributed version control system for tracking source code changes and coordinating collaborative development.,http://data.europa.eu/esco/skill/5d4f3b7c
SKL_0337,Docker,Tools & Technologies,"Platform for packaging and deploying applications in lightweight, portable Linux and Windows containers.",
SKL_0338,Kubernetes,Tools & Technologies,"Open-source container orchestration system for automating application deployment, scaling and management.",
SKL_0339,AWS,Tools & Technologies,"Amazon Web Services comprehensive cloud computing suite including EC2, S3, RDS, Lambda and IAM.",
SKL_0340,Microsoft Azure,Tools & Technologies,"Microsoft's enterprise cloud computing platform supporting compute, storage, networking and AI services.",
SKL_0341,Google Cloud Platform (GCP),Tools & Technologies,"Google's public cloud infrastructure featuring BigQuery, Compute Engine and Vertex AI.",
SKL_0342,Linux,Tools & Technologies,"Open-source Unix-like operating system powering servers, cloud instances, embedded devices and mobile.",
SKL_0343,Terraform,Tools & Technologies,"HashiCorp open-source infrastructure-as-code tool for building, changing and versioning cloud resources.",
SKL_0344,Jenkins,Tools & Technologies,"Open-source automation server enabling automated build, test and deployment pipelines.",
SKL_0345,PostgreSQL,Tools & Technologies,"Advanced open-source object-relational database known for reliability, ACID compliance and JSON support.",
SKL_0346,MySQL,Tools & Technologies,Widely adopted open-source relational database management system for web and enterprise applications.,
SKL_0347,MongoDB,Tools & Technologies,Popular document-oriented NoSQL database storing structured and semi-structured BSON data.,
SKL_0348,Redis,Tools & Technologies,"In-memory data structure store used as a distributed cache, message broker and streaming engine.",
SKL_0349,Apache Kafka,Tools & Technologies,Distributed event streaming platform capable of handling trillions of real-time events a day.,
SKL_0350,Apache Spark,Tools & Technologies,"Unified analytics engine for large-scale distributed data processing, SQL analytics and machine learning.",
SKL_0351,React,Tools & Technologies,"Popular open-source JavaScript library developed by Meta for building dynamic, component-based user interfaces.",
SKL_0352,Node.js,Tools & Technologies,V8-powered asynchronous JavaScript runtime for building scalable server-side network applications.,
SKL_0353,Angular,Tools & Technologies,TypeScript-based open-source framework developed by Google for building scalable enterprise web applications.,
SKL_0354,Spring Boot,Tools & Technologies,"Enterprise Java framework for building stand-alone, production-grade microservices and web APIs.",
SKL_0355,Django,Tools & Technologies,"High-level Python web framework that encourages rapid development and clean, pragmatic design.",
SKL_0356,FastAPI,Tools & Technologies,"Modern, high-performance web framework for building REST and GraphQL APIs with Python 3.8+ and Pydantic.",
SKL_0357,Pandas,Tools & Technologies,Python data manipulation and analysis library offering high-performance DataFrame data structures.,
SKL_0358,NumPy,Tools & Technologies,Fundamental package for scientific computing in Python providing N-dimensional arrays and linear algebra.,
SKL_0359,Scikit-learn,Tools & Technologies,Python machine learning library providing simple and efficient tools for predictive data analysis.,
SKL_0360,PyTorch,Tools & Technologies,Open-source deep learning framework created by Meta widely used for research and neural network production.,
SKL_0361,TensorFlow,Tools & Technologies,End-to-end open-source machine learning platform developed by Google for training deep neural networks.,
SKL_0362,Tableau,Tools & Technologies,Interactive data visualization software used for creating enterprise business intelligence dashboards.,
SKL_0363,Power BI,Tools & Technologies,Microsoft business analytics tool providing interactive visualizations and self-service BI reporting.,
SKL_0364,Figma,Tools & Technologies,Collaborative cloud-based interface design and prototyping tool used by product designers globally.,
SKL_0365,Adobe Creative Cloud,Tools & Technologies,"Industry standard suite including Photoshop, Illustrator, Premiere Pro and After Effects for digital design.",
SKL_0366,AutoCAD,Tools & Technologies,"Computer-aided design software used for 2D drafting and 3D design in architecture, civil and mechanical engineering.",
SKL_0367,SolidWorks,Tools & Technologies,Parametric 3D solid modeling software used for mechanical engineering design and assembly simulation.,
SKL_0368,Ansys,Tools & Technologies,"Engineering simulation software suite used for finite element analysis, CFD and electromagnetic simulation.",
SKL_0369,MATLAB,Tools & Technologies,"Programming and numeric computing platform used by engineers to analyze data, develop algorithms and create models.",
SKL_0370,Revit,Tools & Technologies,"Autodesk Building Information Modeling software for structural, architectural and MEP coordinated design.",
SKL_0371,SAP ERP,Tools & Technologies,"Enterprise resource planning software integrating finance, logistics, HR and manufacturing workflows.",
SKL_0372,Salesforce,Tools & Technologies,"Leading cloud-based CRM platform supporting sales, marketing, service and customer data applications.",
SKL_0373,Advanced Microsoft Excel,Tools & Technologies,"Spreadsheet application mastery including advanced formulas, nested XLOOKUP, Pivot Tables, VBA and Power Query.",
SKL_0374,Jira,Tools & Technologies,Issue tracking and project management product for agile software development teams.,
SKL_0375,Wireshark,Tools & Technologies,"Network packet analyzer used for network troubleshooting, analysis, software and communications protocol development.",
SKL_0376,Burp Suite,Tools & Technologies,Leading software security testing platform used for automated and manual web application penetration testing.,
SKL_0377,Snowflake,Tools & Technologies,Cloud-native data warehousing and analytics architecture separating compute from storage.,
SKL_0378,BigQuery,Tools & Technologies,Google Cloud fully managed enterprise data warehouse for analytics over petabyte-scale datasets.,
SKL_0379,Apache Airflow,Tools & Technologies,"Workflow management platform for authoring, scheduling and monitoring programmatic data pipelines.",
SKL_0380,Databricks,Tools & Technologies,Unified analytics platform built on Apache Spark facilitating big data pipelines and machine learning.,
SKL_0381,Analytical Thinking,Soft,"Ability to systematically deconstruct complex problems, assess alternatives and make data-driven judgments.",
SKL_0382,Communication,Soft,Ability to convey technical and business ideas clearly and persuasively across diverse stakeholders.,http://data.europa.eu/esco/skill/b20496da
SKL_0383,Problem Solving,Soft,"Capacity to identify underlying root causes of issues and devise creative, effective, practical solutions.",http://data.europa.eu/esco/skill/90cb8ec8
SKL_0384,Cross-Functional Leadership,Soft,Guiding and inspiring diverse multidisciplinary teams toward shared goals without direct formal authority.,
SKL_0385,Stakeholder Management,Soft,"Engaging and managing expectations of business leaders, clients, colleagues and regulatory authorities.",
SKL_0386,Negotiation & Persuasion,Soft,"Reaching mutually beneficial agreements in business deals, contracts, timelines and resource allocations.",
SKL_0387,Time Management & Prioritization,Soft,"Effectively organizing competing priorities, setting realistic milestones and meeting tight deadlines.",
SKL_0388,Emotional Intelligence,Soft,"Understanding, expressing and managing one's own emotions while empathizing with colleagues and clients.",
SKL_0389,Public Speaking & Presentation,Soft,"Delivering engaging, articulate presentations to executive committees, conferences or public audiences.",
SKL_0390,Attention to Detail,Soft,"Maintaining extreme accuracy and thoroughness in documentation, calculations, code and design.",
SKL_0391,Adaptability,Soft,"Rapidly learning new technologies, pivoting strategies and thriving in ambiguous, fast-changing environments.",
SKL_0392,Ethical Judgment,Soft,"Consistently upholding moral standards, regulatory compliance, client confidentiality and integrity in practice.",
SKL_0393,Mentorship & Coaching,Soft,"Developing the skills, confidence and career growth of junior team members through constructive feedback.",
SKL_0394,Critical Thinking,Soft,"Disciplined practice of conceptualizing, evaluating and synthesizing information to form sound conclusions.",
SKL_0395,Active Listening,Soft,"Fully focusing, understanding, responding and remembering what is being communicated by others.",
SKL_0396,Conflict Resolution,Soft,Facilitating constructive dialogue between differing parties to de-escalate workplace disagreements.,
SKL_0397,Team Collaboration,Soft,Working harmoniously with colleagues across functions to accomplish shared organizational milestones.,
SKL_0398,Strategic Decision Making,Soft,Choosing courses of action that optimize long-term competitive advantage under uncertainty.,
SKL_0399,Empathy in User Research,Soft,"Understanding the real user emotions, daily pain points and human contexts when interacting with solutions.",
SKL_0400,Resilience Under Pressure,Soft,"Maintaining emotional balance, focus and productivity during high-stakes outages or deadlines.",
SKL_0401,AWS Certified Solutions Architect,Certifications,"Validation of cloud architecture knowledge across resilient, high-performing AWS architectures.",
SKL_0402,Certified Kubernetes Administrator (CKA),Certifications,"Proof of competence to configure, operate and manage production Kubernetes clusters.",
SKL_0403,CISSP,Certifications,Certified Information Systems Security Professional credential validating deep cybersecurity leadership.,
SKL_0404,Certified Ethical Hacker (CEH),Certifications,Industry certification demonstrating mastery of offensive penetration testing and hacking techniques.,
SKL_0405,PMP,Certifications,"Project Management Professional certification validating expertise in predictive, agile and hybrid project delivery.",
SKL_0406,Chartered Accountant (ICAI),Certifications,Statutory professional qualification granted by the Institute of Chartered Accountants of India.,
SKL_0407,Chartered Financial Analyst (CFA),Certifications,"Globally recognized gold-standard credential in investment analysis, asset management and ethics.",
SKL_0408,Financial Risk Manager (FRM),Certifications,"Globally recognized certification for professionals who manage credit, market and operational financial risk.",
SKL_0409,Certified Information Systems Auditor (CISA),Certifications,"Global standard for professionals who audit, control and monitor enterprise IT systems.",
SKL_0410,Bar Council of India Enrollment,Certifications,Statutory license required to practice law in Indian courts granted by the State Bar Council.,
SKL_0411,National Medical Commission Registration,Certifications,Statutory medical practitioner license enabling clinical practice across India.,
SKL_0412,Pharmacy Council of India Registration,Certifications,Statutory pharmacist registration permitting prescription dispensing and pharmaceutical oversight.,
SKL_0413,Council of Architecture (COA) Registration,Certifications,Statutory certification required to legally use the title of Architect and practice in India.,
SKL_0414,Lean Six Sigma Green Belt,Certifications,Certification validating expertise in continuous process improvement and statistical DMAIC methods.,
SKL_0415,CompTIA Security+,Certifications,Baseline cybersecurity certification validating core knowledge in network security and threat management.,
SKL_0416,Certified ScrumMaster (CSM),Certifications,"Credential demonstrating mastery of Scrum principles, team facilitation and agile practices.",
SKL_0417,Google Professional Cloud Architect,Certifications,"Validates ability to design, develop and manage scalable Google Cloud solutions.",
SKL_0418,Microsoft Azure Solutions Architect Expert,Certifications,Validates subject matter expertise in designing cloud and hybrid solutions on Azure.,
SKL_0419,HashiCorp Certified: Terraform Associate,Certifications,Certification validating understanding of basic concepts and operations of Terraform Cloud and CLI.,
SKL_0420,Cisco Certified Network Associate (CCNA),Certifications,"Certification validating fundamental networking, IP services, security and automation skills.",
