career_cluster,relationship_type,occupation_id,occupation_mapping_status,source_file,confidence,provenance,notes
Accountant,CAREER_CLUSTER_LABEL,GGOCC-00401,MATCHED,data/processed/prism_student_profile/Career Prediction Dataset.csv,0.90,Psychometric Career Target Cluster,occupation_id set only on unambiguous MATCHED crosswalk result
Graphic Designer,CAREER_CLUSTER_LABEL,GGOCC-05928,MATCHED,data/processed/prism_student_profile/Career Prediction Dataset.csv,0.90,Psychometric Career Target Cluster,occupation_id set only on unambiguous MATCHED crosswalk result
Salesperson,CAREER_CLUSTER_LABEL,,UNMAPPED,data/processed/prism_student_profile/Career Prediction Dataset.csv,0.90,Psychometric Career Target Cluster,occupation_id set only on unambiguous MATCHED crosswalk result
Research Scientist,CAREER_CLUSTER_LABEL,GGOCC-00346,MATCHED,data/processed/prism_student_profile/Career Prediction Dataset.csv,0.90,Psychometric Career Target Cluster,occupation_id set only on unambiguous MATCHED crosswalk result
Teacher,CAREER_CLUSTER_LABEL,GGOCC-00516,MATCHED,data/processed/prism_student_profile/Career Prediction Dataset.csv,0.90,Psychometric Career Target Cluster,occupation_id set only on unambiguous MATCHED crosswalk result
Architect,CAREER_CLUSTER_LABEL,GGOCC-12813,MATCHED,data/processed/prism_student_profile/Career Prediction Dataset.csv,0.90,Psychometric Career Target Cluster,occupation_id set only on unambiguous MATCHED crosswalk result
Nurse,CAREER_CLUSTER_LABEL,,UNMAPPED,data/processed/prism_student_profile/Career Prediction Dataset.csv,0.90,Psychometric Career Target Cluster,occupation_id set only on unambiguous MATCHED crosswalk result
Software Developer,CAREER_CLUSTER_LABEL,GGOCC-01325,MATCHED,data/processed/prism_student_profile/Career Prediction Dataset.csv,0.90,Psychometric Career Target Cluster,occupation_id set only on unambiguous MATCHED crosswalk result
Psychologist,CAREER_CLUSTER_LABEL,GGOCC-26502,MATCHED,data/processed/prism_student_profile/Career Prediction Dataset.csv,0.90,Psychometric Career Target Cluster,occupation_id set only on unambiguous MATCHED crosswalk result
Chef,CAREER_CLUSTER_LABEL,GGOCC-05256,MATCHED,data/processed/prism_student_profile/Career Prediction Dataset.csv,0.90,Psychometric Career Target Cluster,occupation_id set only on unambiguous MATCHED crosswalk result
Marketing Manager,CAREER_CLUSTER_LABEL,GGOCC-02545,MATCHED,data/processed/prism_student_profile/Career Prediction Dataset.csv,0.90,Psychometric Career Target Cluster,occupation_id set only on unambiguous MATCHED crosswalk result
Physician,CAREER_CLUSTER_LABEL,,UNMAPPED,data/processed/prism_student_profile/Career Prediction Dataset.csv,0.90,Psychometric Career Target Cluster,occupation_id set only on unambiguous MATCHED crosswalk result
Artist,CAREER_CLUSTER_LABEL,GGOCC-28142,MATCHED,data/processed/prism_student_profile/Career Prediction Dataset.csv,0.90,Psychometric Career Target Cluster,occupation_id set only on unambiguous MATCHED crosswalk result
Human Resources Manager,CAREER_CLUSTER_LABEL,GGOCC-03098,MATCHED,data/processed/prism_student_profile/Career Prediction Dataset.csv,0.90,Psychometric Career Target Cluster,occupation_id set only on unambiguous MATCHED crosswalk result
Construction Engineer,CAREER_CLUSTER_LABEL,GGOCC-35322,MATCHED,data/processed/prism_student_profile/Career Prediction Dataset.csv,0.90,Psychometric Career Target Cluster,occupation_id set only on unambiguous MATCHED crosswalk result
Journalist,CAREER_CLUSTER_LABEL,,UNMAPPED,data/processed/prism_student_profile/Career Prediction Dataset.csv,0.90,Psychometric Career Target Cluster,occupation_id set only on unambiguous MATCHED crosswalk result
Astronomer,CAREER_CLUSTER_LABEL,GGOCC-28776,MATCHED,data/processed/prism_student_profile/Career Prediction Dataset.csv,0.90,Psychometric Career Target Cluster,occupation_id set only on unambiguous MATCHED crosswalk result
Financial Analyst,CAREER_CLUSTER_LABEL,GGOCC-00160,MATCHED,data/processed/prism_student_profile/Career Prediction Dataset.csv,0.90,Psychometric Career Target Cluster,occupation_id set only on unambiguous MATCHED crosswalk result
Biologist,CAREER_CLUSTER_LABEL,,UNMAPPED,data/processed/prism_student_profile/Career Prediction Dataset.csv,0.90,Psychometric Career Target Cluster,occupation_id set only on unambiguous MATCHED crosswalk result
Event Planner,CAREER_CLUSTER_LABEL,,UNMAPPED,data/processed/prism_student_profile/Career Prediction Dataset.csv,0.90,Psychometric Career Target Cluster,occupation_id set only on unambiguous MATCHED crosswalk result
Real Estate Agent,CAREER_CLUSTER_LABEL,GGOCC-03152,MATCHED,data/processed/prism_student_profile/Career Prediction Dataset.csv,0.90,Psychometric Career Target Cluster,occupation_id set only on unambiguous MATCHED crosswalk result
Environmental Scientist,CAREER_CLUSTER_LABEL,,UNMAPPED,data/processed/prism_student_profile/Career Prediction Dataset.csv,0.90,Psychometric Career Target Cluster,occupation_id set only on unambiguous MATCHED crosswalk result
Lawyer,CAREER_CLUSTER_LABEL,GGOCC-28445,MATCHED,data/processed/prism_student_profile/Career Prediction Dataset.csv,0.90,Psychometric Career Target Cluster,occupation_id set only on unambiguous MATCHED crosswalk result
IT Support Specialist,CAREER_CLUSTER_LABEL,,UNMAPPED,data/processed/prism_student_profile/Career Prediction Dataset.csv,0.90,Psychometric Career Target Cluster,occupation_id set only on unambiguous MATCHED crosswalk result
Fashion Designer,CAREER_CLUSTER_LABEL,,UNMAPPED,data/processed/prism_student_profile/Career Prediction Dataset.csv,0.90,Psychometric Career Target Cluster,occupation_id set only on unambiguous MATCHED crosswalk result
Marketing Coordinator,CAREER_CLUSTER_LABEL,,UNMAPPED,data/processed/prism_student_profile/Career Prediction Dataset.csv,0.90,Psychometric Career Target Cluster,occupation_id set only on unambiguous MATCHED crosswalk result
Biomedical Engineer,CAREER_CLUSTER_LABEL,,UNMAPPED,data/processed/prism_student_profile/Career Prediction Dataset.csv,0.90,Psychometric Career Target Cluster,occupation_id set only on unambiguous MATCHED crosswalk result
Event Photographer,CAREER_CLUSTER_LABEL,GGOCC-34456,MATCHED,data/processed/prism_student_profile/Career Prediction Dataset.csv,0.90,Psychometric Career Target Cluster,occupation_id set only on unambiguous MATCHED crosswalk result
Data Analyst,CAREER_CLUSTER_LABEL,GGOCC-00017,MATCHED,data/processed/prism_student_profile/Career Prediction Dataset.csv,0.90,Psychometric Career Target Cluster,occupation_id set only on unambiguous MATCHED crosswalk result
Pharmacist,CAREER_CLUSTER_LABEL,GGOCC-11132,MATCHED,data/processed/prism_student_profile/Career Prediction Dataset.csv,0.90,Psychometric Career Target Cluster,occupation_id set only on unambiguous MATCHED crosswalk result
Social Worker,CAREER_CLUSTER_LABEL,GGOCC-12198,MATCHED,data/processed/prism_student_profile/Career Prediction Dataset.csv,0.90,Psychometric Career Target Cluster,occupation_id set only on unambiguous MATCHED crosswalk result
Financial Planner,CAREER_CLUSTER_LABEL,,UNMAPPED,data/processed/prism_student_profile/Career Prediction Dataset.csv,0.90,Psychometric Career Target Cluster,occupation_id set only on unambiguous MATCHED crosswalk result
Biotechnologist,CAREER_CLUSTER_LABEL,,UNMAPPED,data/processed/prism_student_profile/Career Prediction Dataset.csv,0.90,Psychometric Career Target Cluster,occupation_id set only on unambiguous MATCHED crosswalk result
HR Recruiter,CAREER_CLUSTER_LABEL,,UNMAPPED,data/processed/prism_student_profile/Career Prediction Dataset.csv,0.90,Psychometric Career Target Cluster,occupation_id set only on unambiguous MATCHED crosswalk result
Software Quality Assurance Tester,CAREER_CLUSTER_LABEL,,UNMAPPED,data/processed/prism_student_profile/Career Prediction Dataset.csv,0.90,Psychometric Career Target Cluster,occupation_id set only on unambiguous MATCHED crosswalk result
Elementary School Teacher,CAREER_CLUSTER_LABEL,GGOCC-32168,MATCHED,data/processed/prism_student_profile/Career Prediction Dataset.csv,0.90,Psychometric Career Target Cluster,occupation_id set only on unambiguous MATCHED crosswalk result
Industrial Engineer,CAREER_CLUSTER_LABEL,GGOCC-18075,MATCHED,data/processed/prism_student_profile/Career Prediction Dataset.csv,0.90,Psychometric Career Target Cluster,occupation_id set only on unambiguous MATCHED crosswalk result
Market Research Analyst,CAREER_CLUSTER_LABEL,GGOCC-00148,MATCHED,data/processed/prism_student_profile/Career Prediction Dataset.csv,0.90,Psychometric Career Target Cluster,occupation_id set only on unambiguous MATCHED crosswalk result
Financial Auditor,CAREER_CLUSTER_LABEL,,UNMAPPED,data/processed/prism_student_profile/Career Prediction Dataset.csv,0.90,Psychometric Career Target Cluster,occupation_id set only on unambiguous MATCHED crosswalk result
Musician,CAREER_CLUSTER_LABEL,GGOCC-26248,MATCHED,data/processed/prism_student_profile/Career Prediction Dataset.csv,0.90,Psychometric Career Target Cluster,occupation_id set only on unambiguous MATCHED crosswalk result
Police Detective,CAREER_CLUSTER_LABEL,,UNMAPPED,data/processed/prism_student_profile/Career Prediction Dataset.csv,0.90,Psychometric Career Target Cluster,occupation_id set only on unambiguous MATCHED crosswalk result
Marketing Copywriter,CAREER_CLUSTER_LABEL,,UNMAPPED,data/processed/prism_student_profile/Career Prediction Dataset.csv,0.90,Psychometric Career Target Cluster,occupation_id set only on unambiguous MATCHED crosswalk result
Zoologist,CAREER_CLUSTER_LABEL,,UNMAPPED,data/processed/prism_student_profile/Career Prediction Dataset.csv,0.90,Psychometric Career Target Cluster,occupation_id set only on unambiguous MATCHED crosswalk result
Speech Therapist,CAREER_CLUSTER_LABEL,,UNMAPPED,data/processed/prism_student_profile/Career Prediction Dataset.csv,0.90,Psychometric Career Target Cluster,occupation_id set only on unambiguous MATCHED crosswalk result
Mechanical Engineer,CAREER_CLUSTER_LABEL,GGOCC-00312,MATCHED,data/processed/prism_student_profile/Career Prediction Dataset.csv,0.90,Psychometric Career Target Cluster,occupation_id set only on unambiguous MATCHED crosswalk result
Forensic Scientist,CAREER_CLUSTER_LABEL,,UNMAPPED,data/processed/prism_student_profile/Career Prediction Dataset.csv,0.90,Psychometric Career Target Cluster,occupation_id set only on unambiguous MATCHED crosswalk result
Social Media Manager,CAREER_CLUSTER_LABEL,,UNMAPPED,data/processed/prism_student_profile/Career Prediction Dataset.csv,0.90,Psychometric Career Target Cluster,occupation_id set only on unambiguous MATCHED crosswalk result
Geologist,CAREER_CLUSTER_LABEL,,UNMAPPED,data/processed/prism_student_profile/Career Prediction Dataset.csv,0.90,Psychometric Career Target Cluster,occupation_id set only on unambiguous MATCHED crosswalk result
Web Developer,CAREER_CLUSTER_LABEL,GGOCC-02036,MATCHED,data/processed/prism_student_profile/Career Prediction Dataset.csv,0.90,Psychometric Career Target Cluster,occupation_id set only on unambiguous MATCHED crosswalk result
Wildlife Biologist,CAREER_CLUSTER_LABEL,,UNMAPPED,data/processed/prism_student_profile/Career Prediction Dataset.csv,0.90,Psychometric Career Target Cluster,occupation_id set only on unambiguous MATCHED crosswalk result
Air Traffic Controller,CAREER_CLUSTER_LABEL,GGOCC-26096,MATCHED,data/processed/prism_student_profile/Career Prediction Dataset.csv,0.90,Psychometric Career Target Cluster,occupation_id set only on unambiguous MATCHED crosswalk result
Game Developer,CAREER_CLUSTER_LABEL,,UNMAPPED,data/processed/prism_student_profile/Career Prediction Dataset.csv,0.90,Psychometric Career Target Cluster,occupation_id set only on unambiguous MATCHED crosswalk result
Urban Planner,CAREER_CLUSTER_LABEL,,UNMAPPED,data/processed/prism_student_profile/Career Prediction Dataset.csv,0.90,Psychometric Career Target Cluster,occupation_id set only on unambiguous MATCHED crosswalk result
Financial Advisor,CAREER_CLUSTER_LABEL,GGOCC-19217,MATCHED,data/processed/prism_student_profile/Career Prediction Dataset.csv,0.90,Psychometric Career Target Cluster,occupation_id set only on unambiguous MATCHED crosswalk result
Airline Pilot,CAREER_CLUSTER_LABEL,,UNMAPPED,data/processed/prism_student_profile/Career Prediction Dataset.csv,0.90,Psychometric Career Target Cluster,occupation_id set only on unambiguous MATCHED crosswalk result
Environmental Engineer,CAREER_CLUSTER_LABEL,GGOCC-29507,MATCHED,data/processed/prism_student_profile/Career Prediction Dataset.csv,0.90,Psychometric Career Target Cluster,occupation_id set only on unambiguous MATCHED crosswalk result
Interior Designer,CAREER_CLUSTER_LABEL,,UNMAPPED,data/processed/prism_student_profile/Career Prediction Dataset.csv,0.90,Psychometric Career Target Cluster,occupation_id set only on unambiguous MATCHED crosswalk result
Physical Therapist,CAREER_CLUSTER_LABEL,,UNMAPPED,data/processed/prism_student_profile/Career Prediction Dataset.csv,0.90,Psychometric Career Target Cluster,occupation_id set only on unambiguous MATCHED crosswalk result
Mechanical Designer,CAREER_CLUSTER_LABEL,,UNMAPPED,data/processed/prism_student_profile/Career Prediction Dataset.csv,0.90,Psychometric Career Target Cluster,occupation_id set only on unambiguous MATCHED crosswalk result
Dental Hygienist,CAREER_CLUSTER_LABEL,GGOCC-04728,MATCHED,data/processed/prism_student_profile/Career Prediction Dataset.csv,0.90,Psychometric Career Target Cluster,occupation_id set only on unambiguous MATCHED crosswalk result
Marketing Analyst,CAREER_CLUSTER_LABEL,GGOCC-11206,MATCHED,data/processed/prism_student_profile/Career Prediction Dataset.csv,0.90,Psychometric Career Target Cluster,occupation_id set only on unambiguous MATCHED crosswalk result
Aerospace Engineer,CAREER_CLUSTER_LABEL,,UNMAPPED,data/processed/prism_student_profile/Career Prediction Dataset.csv,0.90,Psychometric Career Target Cluster,occupation_id set only on unambiguous MATCHED crosswalk result
Pediatric Nurse,CAREER_CLUSTER_LABEL,,UNMAPPED,data/processed/prism_student_profile/Career Prediction Dataset.csv,0.90,Psychometric Career Target Cluster,occupation_id set only on unambiguous MATCHED crosswalk result
Advertising Executive,CAREER_CLUSTER_LABEL,,UNMAPPED,data/processed/prism_student_profile/Career Prediction Dataset.csv,0.90,Psychometric Career Target Cluster,occupation_id set only on unambiguous MATCHED crosswalk result
Wildlife Conservationist,CAREER_CLUSTER_LABEL,,UNMAPPED,data/processed/prism_student_profile/Career Prediction Dataset.csv,0.90,Psychometric Career Target Cluster,occupation_id set only on unambiguous MATCHED crosswalk result
IT Project Manager,CAREER_CLUSTER_LABEL,GGOCC-00643,MATCHED,data/processed/prism_student_profile/Career Prediction Dataset.csv,0.90,Psychometric Career Target Cluster,occupation_id set only on unambiguous MATCHED crosswalk result
Forestry Technician,CAREER_CLUSTER_LABEL,,UNMAPPED,data/processed/prism_student_profile/Career Prediction Dataset.csv,0.90,Psychometric Career Target Cluster,occupation_id set only on unambiguous MATCHED crosswalk result
Video Game Tester,CAREER_CLUSTER_LABEL,,UNMAPPED,data/processed/prism_student_profile/Career Prediction Dataset.csv,0.90,Psychometric Career Target Cluster,occupation_id set only on unambiguous MATCHED crosswalk result
Marriage Counselor,CAREER_CLUSTER_LABEL,,UNMAPPED,data/processed/prism_student_profile/Career Prediction Dataset.csv,0.90,Psychometric Career Target Cluster,occupation_id set only on unambiguous MATCHED crosswalk result
Biomedical Researcher,CAREER_CLUSTER_LABEL,,UNMAPPED,data/processed/prism_student_profile/Career Prediction Dataset.csv,0.90,Psychometric Career Target Cluster,occupation_id set only on unambiguous MATCHED crosswalk result
Database Administrator,CAREER_CLUSTER_LABEL,GGOCC-00155,MATCHED,data/processed/prism_student_profile/Career Prediction Dataset.csv,0.90,Psychometric Career Target Cluster,occupation_id set only on unambiguous MATCHED crosswalk result
Public Relations Specialist,CAREER_CLUSTER_LABEL,GGOCC-00043,MATCHED,data/processed/prism_student_profile/Career Prediction Dataset.csv,0.90,Psychometric Career Target Cluster,occupation_id set only on unambiguous MATCHED crosswalk result
Genetic Counselor,CAREER_CLUSTER_LABEL,,UNMAPPED,data/processed/prism_student_profile/Career Prediction Dataset.csv,0.90,Psychometric Career Target Cluster,occupation_id set only on unambiguous MATCHED crosswalk result
Market Researcher,CAREER_CLUSTER_LABEL,,UNMAPPED,data/processed/prism_student_profile/Career Prediction Dataset.csv,0.90,Psychometric Career Target Cluster,occupation_id set only on unambiguous MATCHED crosswalk result
Occupational Therapist,CAREER_CLUSTER_LABEL,GGOCC-26474,MATCHED,data/processed/prism_student_profile/Career Prediction Dataset.csv,0.90,Psychometric Career Target Cluster,occupation_id set only on unambiguous MATCHED crosswalk result
Electrical Engineer,CAREER_CLUSTER_LABEL,GGOCC-21619,MATCHED,data/processed/prism_student_profile/Career Prediction Dataset.csv,0.90,Psychometric Career Target Cluster,occupation_id set only on unambiguous MATCHED crosswalk result
Investment Banker,CAREER_CLUSTER_LABEL,,UNMAPPED,data/processed/prism_student_profile/Career Prediction Dataset.csv,0.90,Psychometric Career Target Cluster,occupation_id set only on unambiguous MATCHED crosswalk result
Marine Biologist,CAREER_CLUSTER_LABEL,,UNMAPPED,data/processed/prism_student_profile/Career Prediction Dataset.csv,0.90,Psychometric Career Target Cluster,occupation_id set only on unambiguous MATCHED crosswalk result
Human Rights Lawyer,CAREER_CLUSTER_LABEL,,UNMAPPED,data/processed/prism_student_profile/Career Prediction Dataset.csv,0.90,Psychometric Career Target Cluster,occupation_id set only on unambiguous MATCHED crosswalk result
Database Analyst,CAREER_CLUSTER_LABEL,,UNMAPPED,data/processed/prism_student_profile/Career Prediction Dataset.csv,0.90,Psychometric Career Target Cluster,occupation_id set only on unambiguous MATCHED crosswalk result
Pediatrician,CAREER_CLUSTER_LABEL,,UNMAPPED,data/processed/prism_student_profile/Career Prediction Dataset.csv,0.90,Psychometric Career Target Cluster,occupation_id set only on unambiguous MATCHED crosswalk result
Technical Writer,CAREER_CLUSTER_LABEL,GGOCC-06668,MATCHED,data/processed/prism_student_profile/Career Prediction Dataset.csv,0.90,Psychometric Career Target Cluster,occupation_id set only on unambiguous MATCHED crosswalk result
Forensic Psychologist,CAREER_CLUSTER_LABEL,,UNMAPPED,data/processed/prism_student_profile/Career Prediction Dataset.csv,0.90,Psychometric Career Target Cluster,occupation_id set only on unambiguous MATCHED crosswalk result
Product Manager,CAREER_CLUSTER_LABEL,GGOCC-00196,MATCHED,data/processed/prism_student_profile/Career Prediction Dataset.csv,0.90,Psychometric Career Target Cluster,occupation_id set only on unambiguous MATCHED crosswalk result
Fashion Stylist,CAREER_CLUSTER_LABEL,,UNMAPPED,data/processed/prism_student_profile/Career Prediction Dataset.csv,0.90,Psychometric Career Target Cluster,occupation_id set only on unambiguous MATCHED crosswalk result
Speech Pathologist,CAREER_CLUSTER_LABEL,,UNMAPPED,data/processed/prism_student_profile/Career Prediction Dataset.csv,0.90,Psychometric Career Target Cluster,occupation_id set only on unambiguous MATCHED crosswalk result
Public Health Analyst,CAREER_CLUSTER_LABEL,,UNMAPPED,data/processed/prism_student_profile/Career Prediction Dataset.csv,0.90,Psychometric Career Target Cluster,occupation_id set only on unambiguous MATCHED crosswalk result
Sports Coach,CAREER_CLUSTER_LABEL,,UNMAPPED,data/processed/prism_student_profile/Career Prediction Dataset.csv,0.90,Psychometric Career Target Cluster,occupation_id set only on unambiguous MATCHED crosswalk result
Insurance Underwriter,CAREER_CLUSTER_LABEL,,UNMAPPED,data/processed/prism_student_profile/Career Prediction Dataset.csv,0.90,Psychometric Career Target Cluster,occupation_id set only on unambiguous MATCHED crosswalk result
Chiropractor,CAREER_CLUSTER_LABEL,,UNMAPPED,data/processed/prism_student_profile/Career Prediction Dataset.csv,0.90,Psychometric Career Target Cluster,occupation_id set only on unambiguous MATCHED crosswalk result
Radiologic Technologist,CAREER_CLUSTER_LABEL,GGOCC-00488,MATCHED,data/processed/prism_student_profile/Career Prediction Dataset.csv,0.90,Psychometric Career Target Cluster,occupation_id set only on unambiguous MATCHED crosswalk result
Tax Accountant,CAREER_CLUSTER_LABEL,,UNMAPPED,data/processed/prism_student_profile/Career Prediction Dataset.csv,0.90,Psychometric Career Target Cluster,occupation_id set only on unambiguous MATCHED crosswalk result
Quality Control Inspector,CAREER_CLUSTER_LABEL,GGOCC-13865,MATCHED,data/processed/prism_student_profile/Career Prediction Dataset.csv,0.90,Psychometric Career Target Cluster,occupation_id set only on unambiguous MATCHED crosswalk result
Rehabilitation Counselor,CAREER_CLUSTER_LABEL,,UNMAPPED,data/processed/prism_student_profile/Career Prediction Dataset.csv,0.90,Psychometric Career Target Cluster,occupation_id set only on unambiguous MATCHED crosswalk result
Film Director,CAREER_CLUSTER_LABEL,,UNMAPPED,data/processed/prism_student_profile/Career Prediction Dataset.csv,0.90,Psychometric Career Target Cluster,occupation_id set only on unambiguous MATCHED crosswalk result
Diplomat,CAREER_CLUSTER_LABEL,,UNMAPPED,data/processed/prism_student_profile/Career Prediction Dataset.csv,0.90,Psychometric Career Target Cluster,occupation_id set only on unambiguous MATCHED crosswalk result
Police Officer,CAREER_CLUSTER_LABEL,GGOCC-03981,MATCHED,data/processed/prism_student_profile/Career Prediction Dataset.csv,0.90,Psychometric Career Target Cluster,occupation_id set only on unambiguous MATCHED crosswalk result
Administrative Officer,CAREER_CLUSTER_LABEL,GGOCC-31634,MATCHED,data/processed/prism_student_profile/Career Prediction Dataset.csv,0.90,Psychometric Career Target Cluster,occupation_id set only on unambiguous MATCHED crosswalk result
Tax Collector,CAREER_CLUSTER_LABEL,,UNMAPPED,data/processed/prism_student_profile/Career Prediction Dataset.csv,0.90,Psychometric Career Target Cluster,occupation_id set only on unambiguous MATCHED crosswalk result
Foreign Service Officer,CAREER_CLUSTER_LABEL,,UNMAPPED,data/processed/prism_student_profile/Career Prediction Dataset.csv,0.90,Psychometric Career Target Cluster,occupation_id set only on unambiguous MATCHED crosswalk result
Customs and Border Protection Officer,CAREER_CLUSTER_LABEL,,UNMAPPED,data/processed/prism_student_profile/Career Prediction Dataset.csv,0.90,Psychometric Career Target Cluster,occupation_id set only on unambiguous MATCHED crosswalk result
Civil Engineer,CAREER_CLUSTER_LABEL,GGOCC-34644,MATCHED,data/processed/prism_student_profile/Career Prediction Dataset.csv,0.90,Psychometric Career Target Cluster,occupation_id set only on unambiguous MATCHED crosswalk result
Robotics Engineer,CAREER_CLUSTER_LABEL,GGOCC-06652,MATCHED,data/processed/prism_student_profile/Career Prediction Dataset.csv,0.90,Psychometric Career Target Cluster,occupation_id set only on unambiguous MATCHED crosswalk result
Electronics Design Engineer,CAREER_CLUSTER_LABEL,,UNMAPPED,data/processed/prism_student_profile/Career Prediction Dataset.csv,0.90,Psychometric Career Target Cluster,occupation_id set only on unambiguous MATCHED crosswalk result
