occupation_id,industry_id,source_file,confidence,provenance,notes
GGOCC-00115,IND-INFORMATION_TECHNOLOGY,data/processed/prism_education_career/occupation_to_industry.csv,High,PRISM Synthetic Graph Mapping,Industry employment distribution
GGOCC-00115,IND-FINANCIAL_SERVICES,data/processed/prism_education_career/occupation_to_industry.csv,Medium,PRISM Synthetic Graph Mapping,Industry employment distribution
GGOCC-00115,IND-HEALTHCARE,data/processed/prism_education_career/occupation_to_industry.csv,Niche,PRISM Synthetic Graph Mapping,Industry employment distribution
GGOCC-00115,IND-INFORMATION_TECHNOLOGY,data/processed/prism_education_career/occupation_to_industry.csv,High,PRISM Synthetic Graph Mapping,Industry employment distribution
GGOCC-00115,IND-FINANCIAL_SERVICES,data/processed/prism_education_career/occupation_to_industry.csv,Medium,PRISM Synthetic Graph Mapping,Industry employment distribution
GGOCC-00115,IND-HEALTHCARE,data/processed/prism_education_career/occupation_to_industry.csv,Niche,PRISM Synthetic Graph Mapping,Industry employment distribution
GGOCC-00115,IND-INFORMATION_TECHNOLOGY,data/processed/prism_education_career/occupation_to_industry.csv,High,PRISM Synthetic Graph Mapping,Industry employment distribution
GGOCC-00115,IND-FINANCIAL_SERVICES,data/processed/prism_education_career/occupation_to_industry.csv,Medium,PRISM Synthetic Graph Mapping,Industry employment distribution
GGOCC-00115,IND-HEALTHCARE,data/processed/prism_education_career/occupation_to_industry.csv,Niche,PRISM Synthetic Graph Mapping,Industry employment distribution
GGOCC-00085,IND-INFORMATION_TECHNOLOGY,data/processed/prism_education_career/occupation_to_industry.csv,High,PRISM Synthetic Graph Mapping,Industry employment distribution
GGOCC-00085,IND-FINANCIAL_SERVICES,data/processed/prism_education_career/occupation_to_industry.csv,Medium,PRISM Synthetic Graph Mapping,Industry employment distribution
GGOCC-00085,IND-HEALTHCARE,data/processed/prism_education_career/occupation_to_industry.csv,Niche,PRISM Synthetic Graph Mapping,Industry employment distribution
GGOCC-00138,IND-AUTOMOTIVE___HEAVY_INDUSTRY,data/processed/prism_education_career/occupation_to_industry.csv,High,PRISM Synthetic Graph Mapping,Industry employment distribution
GGOCC-00138,IND-INFRASTRUCTURE___CONSTRUCTION,data/processed/prism_education_career/occupation_to_industry.csv,High,PRISM Synthetic Graph Mapping,Industry employment distribution
GGOCC-00138,IND-ENERGY___UTILITIES,data/processed/prism_education_career/occupation_to_industry.csv,Medium,PRISM Synthetic Graph Mapping,Industry employment distribution
GGOCC-00155,IND-INFORMATION_TECHNOLOGY,data/processed/prism_education_career/occupation_to_industry.csv,High,PRISM Synthetic Graph Mapping,Industry employment distribution
GGOCC-00155,IND-FINANCIAL_SERVICES,data/processed/prism_education_career/occupation_to_industry.csv,Medium,PRISM Synthetic Graph Mapping,Industry employment distribution
GGOCC-00155,IND-HEALTHCARE,data/processed/prism_education_career/occupation_to_industry.csv,Niche,PRISM Synthetic Graph Mapping,Industry employment distribution
GGOCC-00156,IND-MANAGEMENT_CONSULTING,data/processed/prism_education_career/occupation_to_industry.csv,High,PRISM Synthetic Graph Mapping,Industry employment distribution
GGOCC-00156,IND-TECHNOLOGY___INTERNET,data/processed/prism_education_career/occupation_to_industry.csv,High,PRISM Synthetic Graph Mapping,Industry employment distribution
GGOCC-00156,IND-RETAIL___FMCG,data/processed/prism_education_career/occupation_to_industry.csv,Medium,PRISM Synthetic Graph Mapping,Industry employment distribution
GGOCC-00209,IND-INFORMATION_TECHNOLOGY,data/processed/prism_education_career/occupation_to_industry.csv,High,PRISM Synthetic Graph Mapping,Industry employment distribution
GGOCC-00209,IND-FINANCIAL_SERVICES,data/processed/prism_education_career/occupation_to_industry.csv,Medium,PRISM Synthetic Graph Mapping,Industry employment distribution
GGOCC-00209,IND-HEALTHCARE,data/processed/prism_education_career/occupation_to_industry.csv,Niche,PRISM Synthetic Graph Mapping,Industry employment distribution
GGOCC-00017,IND-INFORMATION_TECHNOLOGY,data/processed/prism_education_career/occupation_to_industry.csv,High,PRISM Synthetic Graph Mapping,Industry employment distribution
GGOCC-00017,IND-BANKING___FINANCE,data/processed/prism_education_career/occupation_to_industry.csv,High,PRISM Synthetic Graph Mapping,Industry employment distribution
GGOCC-00017,IND-E_COMMERCE___RETAIL,data/processed/prism_education_career/occupation_to_industry.csv,Medium,PRISM Synthetic Graph Mapping,Industry employment distribution
GGOCC-00017,IND-INFORMATION_TECHNOLOGY,data/processed/prism_education_career/occupation_to_industry.csv,High,PRISM Synthetic Graph Mapping,Industry employment distribution
GGOCC-00017,IND-BANKING___FINANCE,data/processed/prism_education_career/occupation_to_industry.csv,High,PRISM Synthetic Graph Mapping,Industry employment distribution
GGOCC-00017,IND-E_COMMERCE___RETAIL,data/processed/prism_education_career/occupation_to_industry.csv,Medium,PRISM Synthetic Graph Mapping,Industry employment distribution
GGOCC-00222,IND-INFORMATION_TECHNOLOGY,data/processed/prism_education_career/occupation_to_industry.csv,High,PRISM Synthetic Graph Mapping,Industry employment distribution
GGOCC-00222,IND-BANKING___FINANCE,data/processed/prism_education_career/occupation_to_industry.csv,High,PRISM Synthetic Graph Mapping,Industry employment distribution
GGOCC-00222,IND-E_COMMERCE___RETAIL,data/processed/prism_education_career/occupation_to_industry.csv,Medium,PRISM Synthetic Graph Mapping,Industry employment distribution
GGOCC-00222,IND-INFORMATION_TECHNOLOGY,data/processed/prism_education_career/occupation_to_industry.csv,High,PRISM Synthetic Graph Mapping,Industry employment distribution
GGOCC-00222,IND-BANKING___FINANCE,data/processed/prism_education_career/occupation_to_industry.csv,High,PRISM Synthetic Graph Mapping,Industry employment distribution
GGOCC-00222,IND-E_COMMERCE___RETAIL,data/processed/prism_education_career/occupation_to_industry.csv,Medium,PRISM Synthetic Graph Mapping,Industry employment distribution
GGOCC-00015,IND-INFORMATION_TECHNOLOGY,data/processed/prism_education_career/occupation_to_industry.csv,High,PRISM Synthetic Graph Mapping,Industry employment distribution
GGOCC-00015,IND-BANKING___FINANCE,data/processed/prism_education_career/occupation_to_industry.csv,High,PRISM Synthetic Graph Mapping,Industry employment distribution
GGOCC-00015,IND-E_COMMERCE___RETAIL,data/processed/prism_education_career/occupation_to_industry.csv,Medium,PRISM Synthetic Graph Mapping,Industry employment distribution
GGOCC-00015,IND-INFORMATION_TECHNOLOGY,data/processed/prism_education_career/occupation_to_industry.csv,High,PRISM Synthetic Graph Mapping,Industry employment distribution
GGOCC-00015,IND-BANKING___FINANCE,data/processed/prism_education_career/occupation_to_industry.csv,High,PRISM Synthetic Graph Mapping,Industry employment distribution
GGOCC-00015,IND-E_COMMERCE___RETAIL,data/processed/prism_education_career/occupation_to_industry.csv,Medium,PRISM Synthetic Graph Mapping,Industry employment distribution
GGOCC-00015,IND-INFORMATION_TECHNOLOGY,data/processed/prism_education_career/occupation_to_industry.csv,High,PRISM Synthetic Graph Mapping,Industry employment distribution
GGOCC-00015,IND-BANKING___FINANCE,data/processed/prism_education_career/occupation_to_industry.csv,High,PRISM Synthetic Graph Mapping,Industry employment distribution
GGOCC-00015,IND-E_COMMERCE___RETAIL,data/processed/prism_education_career/occupation_to_industry.csv,Medium,PRISM Synthetic Graph Mapping,Industry employment distribution
GGOCC-00128,IND-INFORMATION_TECHNOLOGY,data/processed/prism_education_career/occupation_to_industry.csv,High,PRISM Synthetic Graph Mapping,Industry employment distribution
GGOCC-00128,IND-BANKING___FINANCE,data/processed/prism_education_career/occupation_to_industry.csv,High,PRISM Synthetic Graph Mapping,Industry employment distribution
GGOCC-00128,IND-E_COMMERCE___RETAIL,data/processed/prism_education_career/occupation_to_industry.csv,Medium,PRISM Synthetic Graph Mapping,Industry employment distribution
GGOCC-00128,IND-INFORMATION_TECHNOLOGY,data/processed/prism_education_career/occupation_to_industry.csv,High,PRISM Synthetic Graph Mapping,Industry employment distribution
GGOCC-00128,IND-BANKING___FINANCE,data/processed/prism_education_career/occupation_to_industry.csv,High,PRISM Synthetic Graph Mapping,Industry employment distribution
GGOCC-00128,IND-E_COMMERCE___RETAIL,data/processed/prism_education_career/occupation_to_industry.csv,Medium,PRISM Synthetic Graph Mapping,Industry employment distribution
GGOCC-00284,IND-INFORMATION_TECHNOLOGY,data/processed/prism_education_career/occupation_to_industry.csv,High,PRISM Synthetic Graph Mapping,Industry employment distribution
GGOCC-00284,IND-BANKING___FINANCE,data/processed/prism_education_career/occupation_to_industry.csv,High,PRISM Synthetic Graph Mapping,Industry employment distribution
GGOCC-00284,IND-E_COMMERCE___RETAIL,data/processed/prism_education_career/occupation_to_industry.csv,Medium,PRISM Synthetic Graph Mapping,Industry employment distribution
GGOCC-00266,IND-INFORMATION_SECURITY,data/processed/prism_education_career/occupation_to_industry.csv,High,PRISM Synthetic Graph Mapping,Industry employment distribution
GGOCC-00266,IND-BANKING___FINANCIAL_SERVICES,data/processed/prism_education_career/occupation_to_industry.csv,High,PRISM Synthetic Graph Mapping,Industry employment distribution
GGOCC-00266,IND-DEFENSE___PUBLIC_SECTOR,data/processed/prism_education_career/occupation_to_industry.csv,Niche,PRISM Synthetic Graph Mapping,Industry employment distribution
GGOCC-00266,IND-INFORMATION_SECURITY,data/processed/prism_education_career/occupation_to_industry.csv,High,PRISM Synthetic Graph Mapping,Industry employment distribution
GGOCC-00266,IND-BANKING___FINANCIAL_SERVICES,data/processed/prism_education_career/occupation_to_industry.csv,High,PRISM Synthetic Graph Mapping,Industry employment distribution
GGOCC-00266,IND-DEFENSE___PUBLIC_SECTOR,data/processed/prism_education_career/occupation_to_industry.csv,Niche,PRISM Synthetic Graph Mapping,Industry employment distribution
GGOCC-00124,IND-INFORMATION_SECURITY,data/processed/prism_education_career/occupation_to_industry.csv,High,PRISM Synthetic Graph Mapping,Industry employment distribution
GGOCC-00124,IND-BANKING___FINANCIAL_SERVICES,data/processed/prism_education_career/occupation_to_industry.csv,High,PRISM Synthetic Graph Mapping,Industry employment distribution
GGOCC-00124,IND-DEFENSE___PUBLIC_SECTOR,data/processed/prism_education_career/occupation_to_industry.csv,Niche,PRISM Synthetic Graph Mapping,Industry employment distribution
GGOCC-00237,IND-INFORMATION_SECURITY,data/processed/prism_education_career/occupation_to_industry.csv,High,PRISM Synthetic Graph Mapping,Industry employment distribution
GGOCC-00237,IND-BANKING___FINANCIAL_SERVICES,data/processed/prism_education_career/occupation_to_industry.csv,High,PRISM Synthetic Graph Mapping,Industry employment distribution
GGOCC-00237,IND-DEFENSE___PUBLIC_SECTOR,data/processed/prism_education_career/occupation_to_industry.csv,Niche,PRISM Synthetic Graph Mapping,Industry employment distribution
GGOCC-00306,IND-MANAGEMENT_CONSULTING,data/processed/prism_education_career/occupation_to_industry.csv,High,PRISM Synthetic Graph Mapping,Industry employment distribution
GGOCC-00306,IND-TECHNOLOGY___INTERNET,data/processed/prism_education_career/occupation_to_industry.csv,High,PRISM Synthetic Graph Mapping,Industry employment distribution
GGOCC-00306,IND-RETAIL___FMCG,data/processed/prism_education_career/occupation_to_industry.csv,Medium,PRISM Synthetic Graph Mapping,Industry employment distribution
GGOCC-00312,IND-AUTOMOTIVE___HEAVY_INDUSTRY,data/processed/prism_education_career/occupation_to_industry.csv,High,PRISM Synthetic Graph Mapping,Industry employment distribution
GGOCC-00312,IND-INFRASTRUCTURE___CONSTRUCTION,data/processed/prism_education_career/occupation_to_industry.csv,High,PRISM Synthetic Graph Mapping,Industry employment distribution
GGOCC-00312,IND-ENERGY___UTILITIES,data/processed/prism_education_career/occupation_to_industry.csv,Medium,PRISM Synthetic Graph Mapping,Industry employment distribution
GGOCC-00131,IND-AUTOMOTIVE___HEAVY_INDUSTRY,data/processed/prism_education_career/occupation_to_industry.csv,High,PRISM Synthetic Graph Mapping,Industry employment distribution
GGOCC-00131,IND-INFRASTRUCTURE___CONSTRUCTION,data/processed/prism_education_career/occupation_to_industry.csv,High,PRISM Synthetic Graph Mapping,Industry employment distribution
GGOCC-00131,IND-ENERGY___UTILITIES,data/processed/prism_education_career/occupation_to_industry.csv,Medium,PRISM Synthetic Graph Mapping,Industry employment distribution
GGOCC-00269,IND-AUTOMOTIVE___HEAVY_INDUSTRY,data/processed/prism_education_career/occupation_to_industry.csv,High,PRISM Synthetic Graph Mapping,Industry employment distribution
GGOCC-00269,IND-INFRASTRUCTURE___CONSTRUCTION,data/processed/prism_education_career/occupation_to_industry.csv,High,PRISM Synthetic Graph Mapping,Industry employment distribution
GGOCC-00269,IND-ENERGY___UTILITIES,data/processed/prism_education_career/occupation_to_industry.csv,Medium,PRISM Synthetic Graph Mapping,Industry employment distribution
GGOCC-00035,IND-AUTOMOTIVE___HEAVY_INDUSTRY,data/processed/prism_education_career/occupation_to_industry.csv,High,PRISM Synthetic Graph Mapping,Industry employment distribution
GGOCC-00035,IND-INFRASTRUCTURE___CONSTRUCTION,data/processed/prism_education_career/occupation_to_industry.csv,High,PRISM Synthetic Graph Mapping,Industry employment distribution
GGOCC-00035,IND-ENERGY___UTILITIES,data/processed/prism_education_career/occupation_to_industry.csv,Medium,PRISM Synthetic Graph Mapping,Industry employment distribution
GGOCC-00026,IND-AUTOMOTIVE___HEAVY_INDUSTRY,data/processed/prism_education_career/occupation_to_industry.csv,High,PRISM Synthetic Graph Mapping,Industry employment distribution
GGOCC-00026,IND-INFRASTRUCTURE___CONSTRUCTION,data/processed/prism_education_career/occupation_to_industry.csv,High,PRISM Synthetic Graph Mapping,Industry employment distribution
GGOCC-00026,IND-ENERGY___UTILITIES,data/processed/prism_education_career/occupation_to_industry.csv,Medium,PRISM Synthetic Graph Mapping,Industry employment distribution
GGOCC-00097,IND-AUTOMOTIVE___HEAVY_INDUSTRY,data/processed/prism_education_career/occupation_to_industry.csv,High,PRISM Synthetic Graph Mapping,Industry employment distribution
GGOCC-00097,IND-INFRASTRUCTURE___CONSTRUCTION,data/processed/prism_education_career/occupation_to_industry.csv,High,PRISM Synthetic Graph Mapping,Industry employment distribution
GGOCC-00097,IND-ENERGY___UTILITIES,data/processed/prism_education_career/occupation_to_industry.csv,Medium,PRISM Synthetic Graph Mapping,Industry employment distribution
GGOCC-00326,IND-AUTOMOTIVE___HEAVY_INDUSTRY,data/processed/prism_education_career/occupation_to_industry.csv,High,PRISM Synthetic Graph Mapping,Industry employment distribution
GGOCC-00326,IND-INFRASTRUCTURE___CONSTRUCTION,data/processed/prism_education_career/occupation_to_industry.csv,High,PRISM Synthetic Graph Mapping,Industry employment distribution
GGOCC-00326,IND-ENERGY___UTILITIES,data/processed/prism_education_career/occupation_to_industry.csv,Medium,PRISM Synthetic Graph Mapping,Industry employment distribution
GGOCC-01901,IND-MANAGEMENT_CONSULTING,data/processed/prism_education_career/occupation_to_industry.csv,High,PRISM Synthetic Graph Mapping,Industry employment distribution
GGOCC-01901,IND-TECHNOLOGY___INTERNET,data/processed/prism_education_career/occupation_to_industry.csv,High,PRISM Synthetic Graph Mapping,Industry employment distribution
GGOCC-01901,IND-RETAIL___FMCG,data/processed/prism_education_career/occupation_to_industry.csv,Medium,PRISM Synthetic Graph Mapping,Industry employment distribution
GGOCC-00236,IND-AUTOMOTIVE___HEAVY_INDUSTRY,data/processed/prism_education_career/occupation_to_industry.csv,High,PRISM Synthetic Graph Mapping,Industry employment distribution
GGOCC-00236,IND-INFRASTRUCTURE___CONSTRUCTION,data/processed/prism_education_career/occupation_to_industry.csv,High,PRISM Synthetic Graph Mapping,Industry employment distribution
GGOCC-00236,IND-ENERGY___UTILITIES,data/processed/prism_education_career/occupation_to_industry.csv,Medium,PRISM Synthetic Graph Mapping,Industry employment distribution
GGOCC-00257,IND-AUTOMOTIVE___HEAVY_INDUSTRY,data/processed/prism_education_career/occupation_to_industry.csv,High,PRISM Synthetic Graph Mapping,Industry employment distribution
GGOCC-00257,IND-INFRASTRUCTURE___CONSTRUCTION,data/processed/prism_education_career/occupation_to_industry.csv,High,PRISM Synthetic Graph Mapping,Industry employment distribution
GGOCC-00257,IND-ENERGY___UTILITIES,data/processed/prism_education_career/occupation_to_industry.csv,Medium,PRISM Synthetic Graph Mapping,Industry employment distribution
GGOCC-00189,IND-AUTOMOTIVE___HEAVY_INDUSTRY,data/processed/prism_education_career/occupation_to_industry.csv,High,PRISM Synthetic Graph Mapping,Industry employment distribution
GGOCC-00189,IND-INFRASTRUCTURE___CONSTRUCTION,data/processed/prism_education_career/occupation_to_industry.csv,High,PRISM Synthetic Graph Mapping,Industry employment distribution
GGOCC-00189,IND-ENERGY___UTILITIES,data/processed/prism_education_career/occupation_to_industry.csv,Medium,PRISM Synthetic Graph Mapping,Industry employment distribution
GGOCC-00173,IND-AUTOMOTIVE___HEAVY_INDUSTRY,data/processed/prism_education_career/occupation_to_industry.csv,High,PRISM Synthetic Graph Mapping,Industry employment distribution
GGOCC-00173,IND-INFRASTRUCTURE___CONSTRUCTION,data/processed/prism_education_career/occupation_to_industry.csv,High,PRISM Synthetic Graph Mapping,Industry employment distribution
GGOCC-00173,IND-ENERGY___UTILITIES,data/processed/prism_education_career/occupation_to_industry.csv,Medium,PRISM Synthetic Graph Mapping,Industry employment distribution
GGOCC-00203,IND-AUTOMOTIVE___HEAVY_INDUSTRY,data/processed/prism_education_career/occupation_to_industry.csv,High,PRISM Synthetic Graph Mapping,Industry employment distribution
GGOCC-00203,IND-INFRASTRUCTURE___CONSTRUCTION,data/processed/prism_education_career/occupation_to_industry.csv,High,PRISM Synthetic Graph Mapping,Industry employment distribution
GGOCC-00203,IND-ENERGY___UTILITIES,data/processed/prism_education_career/occupation_to_industry.csv,Medium,PRISM Synthetic Graph Mapping,Industry employment distribution
GGOCC-00224,IND-HEALTHCARE___HOSPITALS,data/processed/prism_education_career/occupation_to_industry.csv,High,PRISM Synthetic Graph Mapping,Industry employment distribution
GGOCC-00224,IND-PHARMACEUTICALS,data/processed/prism_education_career/occupation_to_industry.csv,High,PRISM Synthetic Graph Mapping,Industry employment distribution
GGOCC-00224,IND-PUBLIC_HEALTH,data/processed/prism_education_career/occupation_to_industry.csv,Medium,PRISM Synthetic Graph Mapping,Industry employment distribution
GGOCC-00157,IND-HEALTHCARE___HOSPITALS,data/processed/prism_education_career/occupation_to_industry.csv,High,PRISM Synthetic Graph Mapping,Industry employment distribution
GGOCC-00157,IND-PHARMACEUTICALS,data/processed/prism_education_career/occupation_to_industry.csv,High,PRISM Synthetic Graph Mapping,Industry employment distribution
GGOCC-00157,IND-PUBLIC_HEALTH,data/processed/prism_education_career/occupation_to_industry.csv,Medium,PRISM Synthetic Graph Mapping,Industry employment distribution
GGOCC-00279,IND-BANKING___FINANCIAL_SERVICES,data/processed/prism_education_career/occupation_to_industry.csv,High,PRISM Synthetic Graph Mapping,Industry employment distribution
GGOCC-00279,IND-CAPITAL_MARKETS,data/processed/prism_education_career/occupation_to_industry.csv,High,PRISM Synthetic Graph Mapping,Industry employment distribution
GGOCC-00279,IND-PROFESSIONAL_SERVICES,data/processed/prism_education_career/occupation_to_industry.csv,High,PRISM Synthetic Graph Mapping,Industry employment distribution
GGOCC-00160,IND-BANKING___FINANCIAL_SERVICES,data/processed/prism_education_career/occupation_to_industry.csv,High,PRISM Synthetic Graph Mapping,Industry employment distribution
GGOCC-00160,IND-CAPITAL_MARKETS,data/processed/prism_education_career/occupation_to_industry.csv,High,PRISM Synthetic Graph Mapping,Industry employment distribution
GGOCC-00160,IND-PROFESSIONAL_SERVICES,data/processed/prism_education_career/occupation_to_industry.csv,High,PRISM Synthetic Graph Mapping,Industry employment distribution
GGOCC-00160,IND-BANKING___FINANCIAL_SERVICES,data/processed/prism_education_career/occupation_to_industry.csv,High,PRISM Synthetic Graph Mapping,Industry employment distribution
GGOCC-00160,IND-CAPITAL_MARKETS,data/processed/prism_education_career/occupation_to_industry.csv,High,PRISM Synthetic Graph Mapping,Industry employment distribution
GGOCC-00160,IND-PROFESSIONAL_SERVICES,data/processed/prism_education_career/occupation_to_industry.csv,High,PRISM Synthetic Graph Mapping,Industry employment distribution
GGOCC-00016,IND-BANKING___FINANCIAL_SERVICES,data/processed/prism_education_career/occupation_to_industry.csv,High,PRISM Synthetic Graph Mapping,Industry employment distribution
GGOCC-00016,IND-CAPITAL_MARKETS,data/processed/prism_education_career/occupation_to_industry.csv,High,PRISM Synthetic Graph Mapping,Industry employment distribution
GGOCC-00016,IND-PROFESSIONAL_SERVICES,data/processed/prism_education_career/occupation_to_industry.csv,High,PRISM Synthetic Graph Mapping,Industry employment distribution
GGOCC-00013,IND-BANKING___FINANCIAL_SERVICES,data/processed/prism_education_career/occupation_to_industry.csv,High,PRISM Synthetic Graph Mapping,Industry employment distribution
GGOCC-00013,IND-CAPITAL_MARKETS,data/processed/prism_education_career/occupation_to_industry.csv,High,PRISM Synthetic Graph Mapping,Industry employment distribution
GGOCC-00013,IND-PROFESSIONAL_SERVICES,data/processed/prism_education_career/occupation_to_industry.csv,High,PRISM Synthetic Graph Mapping,Industry employment distribution
GGOCC-00059,IND-BANKING___FINANCIAL_SERVICES,data/processed/prism_education_career/occupation_to_industry.csv,High,PRISM Synthetic Graph Mapping,Industry employment distribution
GGOCC-00059,IND-CAPITAL_MARKETS,data/processed/prism_education_career/occupation_to_industry.csv,High,PRISM Synthetic Graph Mapping,Industry employment distribution
GGOCC-00059,IND-PROFESSIONAL_SERVICES,data/processed/prism_education_career/occupation_to_industry.csv,High,PRISM Synthetic Graph Mapping,Industry employment distribution
GGOCC-00171,IND-BANKING___FINANCIAL_SERVICES,data/processed/prism_education_career/occupation_to_industry.csv,High,PRISM Synthetic Graph Mapping,Industry employment distribution
GGOCC-00171,IND-CAPITAL_MARKETS,data/processed/prism_education_career/occupation_to_industry.csv,High,PRISM Synthetic Graph Mapping,Industry employment distribution
GGOCC-00171,IND-PROFESSIONAL_SERVICES,data/processed/prism_education_career/occupation_to_industry.csv,High,PRISM Synthetic Graph Mapping,Industry employment distribution
GGOCC-00162,IND-MANAGEMENT_CONSULTING,data/processed/prism_education_career/occupation_to_industry.csv,High,PRISM Synthetic Graph Mapping,Industry employment distribution
GGOCC-00162,IND-TECHNOLOGY___INTERNET,data/processed/prism_education_career/occupation_to_industry.csv,High,PRISM Synthetic Graph Mapping,Industry employment distribution
GGOCC-00162,IND-RETAIL___FMCG,data/processed/prism_education_career/occupation_to_industry.csv,Medium,PRISM Synthetic Graph Mapping,Industry employment distribution
GGOCC-00225,IND-MANAGEMENT_CONSULTING,data/processed/prism_education_career/occupation_to_industry.csv,High,PRISM Synthetic Graph Mapping,Industry employment distribution
GGOCC-00225,IND-TECHNOLOGY___INTERNET,data/processed/prism_education_career/occupation_to_industry.csv,High,PRISM Synthetic Graph Mapping,Industry employment distribution
GGOCC-00225,IND-RETAIL___FMCG,data/processed/prism_education_career/occupation_to_industry.csv,Medium,PRISM Synthetic Graph Mapping,Industry employment distribution
GGOCC-00199,IND-MANAGEMENT_CONSULTING,data/processed/prism_education_career/occupation_to_industry.csv,High,PRISM Synthetic Graph Mapping,Industry employment distribution
GGOCC-00199,IND-TECHNOLOGY___INTERNET,data/processed/prism_education_career/occupation_to_industry.csv,High,PRISM Synthetic Graph Mapping,Industry employment distribution
GGOCC-00199,IND-RETAIL___FMCG,data/processed/prism_education_career/occupation_to_industry.csv,Medium,PRISM Synthetic Graph Mapping,Industry employment distribution
GGOCC-00036,IND-MANAGEMENT_CONSULTING,data/processed/prism_education_career/occupation_to_industry.csv,High,PRISM Synthetic Graph Mapping,Industry employment distribution
GGOCC-00036,IND-TECHNOLOGY___INTERNET,data/processed/prism_education_career/occupation_to_industry.csv,High,PRISM Synthetic Graph Mapping,Industry employment distribution
GGOCC-00036,IND-RETAIL___FMCG,data/processed/prism_education_career/occupation_to_industry.csv,Medium,PRISM Synthetic Graph Mapping,Industry employment distribution
GGOCC-00036,IND-MANAGEMENT_CONSULTING,data/processed/prism_education_career/occupation_to_industry.csv,High,PRISM Synthetic Graph Mapping,Industry employment distribution
GGOCC-00036,IND-TECHNOLOGY___INTERNET,data/processed/prism_education_career/occupation_to_industry.csv,High,PRISM Synthetic Graph Mapping,Industry employment distribution
GGOCC-00036,IND-RETAIL___FMCG,data/processed/prism_education_career/occupation_to_industry.csv,Medium,PRISM Synthetic Graph Mapping,Industry employment distribution
GGOCC-00959,IND-MANAGEMENT_CONSULTING,data/processed/prism_education_career/occupation_to_industry.csv,High,PRISM Synthetic Graph Mapping,Industry employment distribution
GGOCC-00959,IND-TECHNOLOGY___INTERNET,data/processed/prism_education_career/occupation_to_industry.csv,High,PRISM Synthetic Graph Mapping,Industry employment distribution
GGOCC-00959,IND-RETAIL___FMCG,data/processed/prism_education_career/occupation_to_industry.csv,Medium,PRISM Synthetic Graph Mapping,Industry employment distribution
GGOCC-17789,IND-MANAGEMENT_CONSULTING,data/processed/prism_education_career/occupation_to_industry.csv,High,PRISM Synthetic Graph Mapping,Industry employment distribution
GGOCC-17789,IND-TECHNOLOGY___INTERNET,data/processed/prism_education_career/occupation_to_industry.csv,High,PRISM Synthetic Graph Mapping,Industry employment distribution
GGOCC-17789,IND-RETAIL___FMCG,data/processed/prism_education_career/occupation_to_industry.csv,Medium,PRISM Synthetic Graph Mapping,Industry employment distribution
GGOCC-00081,IND-MANAGEMENT_CONSULTING,data/processed/prism_education_career/occupation_to_industry.csv,High,PRISM Synthetic Graph Mapping,Industry employment distribution
GGOCC-00081,IND-TECHNOLOGY___INTERNET,data/processed/prism_education_career/occupation_to_industry.csv,High,PRISM Synthetic Graph Mapping,Industry employment distribution
GGOCC-00081,IND-RETAIL___FMCG,data/processed/prism_education_career/occupation_to_industry.csv,Medium,PRISM Synthetic Graph Mapping,Industry employment distribution
GGOCC-00196,IND-MANAGEMENT_CONSULTING,data/processed/prism_education_career/occupation_to_industry.csv,High,PRISM Synthetic Graph Mapping,Industry employment distribution
GGOCC-00196,IND-TECHNOLOGY___INTERNET,data/processed/prism_education_career/occupation_to_industry.csv,High,PRISM Synthetic Graph Mapping,Industry employment distribution
GGOCC-00196,IND-RETAIL___FMCG,data/processed/prism_education_career/occupation_to_industry.csv,Medium,PRISM Synthetic Graph Mapping,Industry employment distribution
GGOCC-00196,IND-MANAGEMENT_CONSULTING,data/processed/prism_education_career/occupation_to_industry.csv,High,PRISM Synthetic Graph Mapping,Industry employment distribution
GGOCC-00196,IND-TECHNOLOGY___INTERNET,data/processed/prism_education_career/occupation_to_industry.csv,High,PRISM Synthetic Graph Mapping,Industry employment distribution
GGOCC-00196,IND-RETAIL___FMCG,data/processed/prism_education_career/occupation_to_industry.csv,Medium,PRISM Synthetic Graph Mapping,Industry employment distribution
GGOCC-00290,IND-MANAGEMENT_CONSULTING,data/processed/prism_education_career/occupation_to_industry.csv,High,PRISM Synthetic Graph Mapping,Industry employment distribution
GGOCC-00290,IND-TECHNOLOGY___INTERNET,data/processed/prism_education_career/occupation_to_industry.csv,High,PRISM Synthetic Graph Mapping,Industry employment distribution
GGOCC-00290,IND-RETAIL___FMCG,data/processed/prism_education_career/occupation_to_industry.csv,Medium,PRISM Synthetic Graph Mapping,Industry employment distribution
GGOCC-00053,IND-ADVERTISING___MEDIA,data/processed/prism_education_career/occupation_to_industry.csv,High,PRISM Synthetic Graph Mapping,Industry employment distribution
GGOCC-00053,IND-FAST_MOVING_CONSUMER_GOODS,data/processed/prism_education_career/occupation_to_industry.csv,High,PRISM Synthetic Graph Mapping,Industry employment distribution
GGOCC-00053,IND-TECHNOLOGY___SAAS,data/processed/prism_education_career/occupation_to_industry.csv,Medium,PRISM Synthetic Graph Mapping,Industry employment distribution
GGOCC-00242,IND-ADVERTISING___MEDIA,data/processed/prism_education_career/occupation_to_industry.csv,High,PRISM Synthetic Graph Mapping,Industry employment distribution
GGOCC-00242,IND-FAST_MOVING_CONSUMER_GOODS,data/processed/prism_education_career/occupation_to_industry.csv,High,PRISM Synthetic Graph Mapping,Industry employment distribution
GGOCC-00242,IND-TECHNOLOGY___SAAS,data/processed/prism_education_career/occupation_to_industry.csv,Medium,PRISM Synthetic Graph Mapping,Industry employment distribution
GGOCC-08369,IND-ADVERTISING___MEDIA,data/processed/prism_education_career/occupation_to_industry.csv,High,PRISM Synthetic Graph Mapping,Industry employment distribution
GGOCC-08369,IND-FAST_MOVING_CONSUMER_GOODS,data/processed/prism_education_career/occupation_to_industry.csv,High,PRISM Synthetic Graph Mapping,Industry employment distribution
GGOCC-08369,IND-TECHNOLOGY___SAAS,data/processed/prism_education_career/occupation_to_industry.csv,Medium,PRISM Synthetic Graph Mapping,Industry employment distribution
GGOCC-00148,IND-ADVERTISING___MEDIA,data/processed/prism_education_career/occupation_to_industry.csv,High,PRISM Synthetic Graph Mapping,Industry employment distribution
GGOCC-00148,IND-FAST_MOVING_CONSUMER_GOODS,data/processed/prism_education_career/occupation_to_industry.csv,High,PRISM Synthetic Graph Mapping,Industry employment distribution
GGOCC-00148,IND-TECHNOLOGY___SAAS,data/processed/prism_education_career/occupation_to_industry.csv,Medium,PRISM Synthetic Graph Mapping,Industry employment distribution
GGOCC-00043,IND-ADVERTISING___MEDIA,data/processed/prism_education_career/occupation_to_industry.csv,High,PRISM Synthetic Graph Mapping,Industry employment distribution
GGOCC-00043,IND-FAST_MOVING_CONSUMER_GOODS,data/processed/prism_education_career/occupation_to_industry.csv,High,PRISM Synthetic Graph Mapping,Industry employment distribution
GGOCC-00043,IND-TECHNOLOGY___SAAS,data/processed/prism_education_career/occupation_to_industry.csv,Medium,PRISM Synthetic Graph Mapping,Industry employment distribution
GGOCC-00253,IND-TECHNOLOGY___TELECOMMUNICATIONS,data/processed/prism_education_career/occupation_to_industry.csv,High,PRISM Synthetic Graph Mapping,Industry employment distribution
GGOCC-00253,IND-FINANCIAL_SERVICES,data/processed/prism_education_career/occupation_to_industry.csv,High,PRISM Synthetic Graph Mapping,Industry employment distribution
GGOCC-00253,IND-INDUSTRIAL_PRODUCTS,data/processed/prism_education_career/occupation_to_industry.csv,Medium,PRISM Synthetic Graph Mapping,Industry employment distribution
GGOCC-00180,IND-MANAGEMENT_CONSULTING,data/processed/prism_education_career/occupation_to_industry.csv,High,PRISM Synthetic Graph Mapping,Industry employment distribution
GGOCC-00180,IND-TECHNOLOGY___INTERNET,data/processed/prism_education_career/occupation_to_industry.csv,High,PRISM Synthetic Graph Mapping,Industry employment distribution
GGOCC-00180,IND-RETAIL___FMCG,data/processed/prism_education_career/occupation_to_industry.csv,Medium,PRISM Synthetic Graph Mapping,Industry employment distribution
GGOCC-00110,IND-TECHNOLOGY___DIGITAL_PRODUCTS,data/processed/prism_education_career/occupation_to_industry.csv,High,PRISM Synthetic Graph Mapping,Industry employment distribution
GGOCC-00110,IND-CREATIVE___ADVERTISING,data/processed/prism_education_career/occupation_to_industry.csv,Medium,PRISM Synthetic Graph Mapping,Industry employment distribution
GGOCC-00110,IND-CONSUMER_HARDWARE,data/processed/prism_education_career/occupation_to_industry.csv,Niche,PRISM Synthetic Graph Mapping,Industry employment distribution
GGOCC-00235,IND-TECHNOLOGY___DIGITAL_PRODUCTS,data/processed/prism_education_career/occupation_to_industry.csv,High,PRISM Synthetic Graph Mapping,Industry employment distribution
GGOCC-00235,IND-CREATIVE___ADVERTISING,data/processed/prism_education_career/occupation_to_industry.csv,Medium,PRISM Synthetic Graph Mapping,Industry employment distribution
GGOCC-00235,IND-CONSUMER_HARDWARE,data/processed/prism_education_career/occupation_to_industry.csv,Niche,PRISM Synthetic Graph Mapping,Industry employment distribution
GGOCC-00033,IND-TECHNOLOGY___DIGITAL_PRODUCTS,data/processed/prism_education_career/occupation_to_industry.csv,High,PRISM Synthetic Graph Mapping,Industry employment distribution
GGOCC-00033,IND-CREATIVE___ADVERTISING,data/processed/prism_education_career/occupation_to_industry.csv,Medium,PRISM Synthetic Graph Mapping,Industry employment distribution
GGOCC-00033,IND-CONSUMER_HARDWARE,data/processed/prism_education_career/occupation_to_industry.csv,Niche,PRISM Synthetic Graph Mapping,Industry employment distribution
GGOCC-00276,IND-TECHNOLOGY___DIGITAL_PRODUCTS,data/processed/prism_education_career/occupation_to_industry.csv,High,PRISM Synthetic Graph Mapping,Industry employment distribution
GGOCC-00276,IND-CREATIVE___ADVERTISING,data/processed/prism_education_career/occupation_to_industry.csv,Medium,PRISM Synthetic Graph Mapping,Industry employment distribution
GGOCC-00276,IND-CONSUMER_HARDWARE,data/processed/prism_education_career/occupation_to_industry.csv,Niche,PRISM Synthetic Graph Mapping,Industry employment distribution
GGOCC-00294,IND-REAL_ESTATE___URBAN_PLANNING,data/processed/prism_education_career/occupation_to_industry.csv,High,PRISM Synthetic Graph Mapping,Industry employment distribution
GGOCC-00294,IND-CONSTRUCTION___INFRASTRUCTURE,data/processed/prism_education_career/occupation_to_industry.csv,High,PRISM Synthetic Graph Mapping,Industry employment distribution
GGOCC-00294,IND-HOSPITALITY___LEISURE,data/processed/prism_education_career/occupation_to_industry.csv,Niche,PRISM Synthetic Graph Mapping,Industry employment distribution
GGOCC-00307,IND-REAL_ESTATE___URBAN_PLANNING,data/processed/prism_education_career/occupation_to_industry.csv,High,PRISM Synthetic Graph Mapping,Industry employment distribution
GGOCC-00307,IND-CONSTRUCTION___INFRASTRUCTURE,data/processed/prism_education_career/occupation_to_industry.csv,High,PRISM Synthetic Graph Mapping,Industry employment distribution
GGOCC-00307,IND-HOSPITALITY___LEISURE,data/processed/prism_education_career/occupation_to_industry.csv,Niche,PRISM Synthetic Graph Mapping,Industry employment distribution
GGOCC-00272,IND-REAL_ESTATE___URBAN_PLANNING,data/processed/prism_education_career/occupation_to_industry.csv,High,PRISM Synthetic Graph Mapping,Industry employment distribution
GGOCC-00272,IND-CONSTRUCTION___INFRASTRUCTURE,data/processed/prism_education_career/occupation_to_industry.csv,High,PRISM Synthetic Graph Mapping,Industry employment distribution
GGOCC-00272,IND-HOSPITALITY___LEISURE,data/processed/prism_education_career/occupation_to_industry.csv,Niche,PRISM Synthetic Graph Mapping,Industry employment distribution
GGOCC-00207,IND-TECHNOLOGY___DIGITAL_PRODUCTS,data/processed/prism_education_career/occupation_to_industry.csv,High,PRISM Synthetic Graph Mapping,Industry employment distribution
GGOCC-00207,IND-CREATIVE___ADVERTISING,data/processed/prism_education_career/occupation_to_industry.csv,Medium,PRISM Synthetic Graph Mapping,Industry employment distribution
GGOCC-00207,IND-CONSUMER_HARDWARE,data/processed/prism_education_career/occupation_to_industry.csv,Niche,PRISM Synthetic Graph Mapping,Industry employment distribution
GGOCC-00201,IND-HIGHER_EDUCATION___ACADEMIA,data/processed/prism_education_career/occupation_to_industry.csv,High,PRISM Synthetic Graph Mapping,Industry employment distribution
GGOCC-00201,IND-K_12_EDUCATION,data/processed/prism_education_career/occupation_to_industry.csv,High,PRISM Synthetic Graph Mapping,Industry employment distribution
GGOCC-00201,IND-EDTECH___CORPORATE_LEARNING,data/processed/prism_education_career/occupation_to_industry.csv,Medium,PRISM Synthetic Graph Mapping,Industry employment distribution
GGOCC-00263,IND-HIGHER_EDUCATION___ACADEMIA,data/processed/prism_education_career/occupation_to_industry.csv,High,PRISM Synthetic Graph Mapping,Industry employment distribution
GGOCC-00263,IND-K_12_EDUCATION,data/processed/prism_education_career/occupation_to_industry.csv,High,PRISM Synthetic Graph Mapping,Industry employment distribution
GGOCC-00263,IND-EDTECH___CORPORATE_LEARNING,data/processed/prism_education_career/occupation_to_industry.csv,Medium,PRISM Synthetic Graph Mapping,Industry employment distribution
GGOCC-00116,IND-NEWS___DIGITAL_PUBLISHING,data/processed/prism_education_career/occupation_to_industry.csv,High,PRISM Synthetic Graph Mapping,Industry employment distribution
GGOCC-00116,IND-ENTERTAINMENT___FILM,data/processed/prism_education_career/occupation_to_industry.csv,High,PRISM Synthetic Graph Mapping,Industry employment distribution
GGOCC-00116,IND-CORPORATE_COMMUNICATIONS,data/processed/prism_education_career/occupation_to_industry.csv,Medium,PRISM Synthetic Graph Mapping,Industry employment distribution
GGOCC-00287,IND-NEWS___DIGITAL_PUBLISHING,data/processed/prism_education_career/occupation_to_industry.csv,High,PRISM Synthetic Graph Mapping,Industry employment distribution
GGOCC-00287,IND-ENTERTAINMENT___FILM,data/processed/prism_education_career/occupation_to_industry.csv,High,PRISM Synthetic Graph Mapping,Industry employment distribution
GGOCC-00287,IND-CORPORATE_COMMUNICATIONS,data/processed/prism_education_career/occupation_to_industry.csv,Medium,PRISM Synthetic Graph Mapping,Industry employment distribution
GGOCC-00214,IND-NEWS___DIGITAL_PUBLISHING,data/processed/prism_education_career/occupation_to_industry.csv,High,PRISM Synthetic Graph Mapping,Industry employment distribution
GGOCC-00214,IND-ENTERTAINMENT___FILM,data/processed/prism_education_career/occupation_to_industry.csv,High,PRISM Synthetic Graph Mapping,Industry employment distribution
GGOCC-00214,IND-CORPORATE_COMMUNICATIONS,data/processed/prism_education_career/occupation_to_industry.csv,Medium,PRISM Synthetic Graph Mapping,Industry employment distribution
GGOCC-00029,IND-BIOTECHNOLOGY___LIFE_SCIENCES,data/processed/prism_education_career/occupation_to_industry.csv,High,PRISM Synthetic Graph Mapping,Industry employment distribution
GGOCC-00029,IND-AGRICULTURE___SEEDS,data/processed/prism_education_career/occupation_to_industry.csv,Medium,PRISM Synthetic Graph Mapping,Industry employment distribution
GGOCC-00029,IND-ACADEMIC_RESEARCH,data/processed/prism_education_career/occupation_to_industry.csv,Medium,PRISM Synthetic Graph Mapping,Industry employment distribution
GGOCC-00246,IND-PUBLIC_ADMINISTRATION,data/processed/prism_education_career/occupation_to_industry.csv,High,PRISM Synthetic Graph Mapping,Industry employment distribution
GGOCC-00246,IND-URBAN_GOVERNANCE___SMART_CITIES,data/processed/prism_education_career/occupation_to_industry.csv,High,PRISM Synthetic Graph Mapping,Industry employment distribution
GGOCC-00246,IND-THINK_TANKS___MULTILATERAL_AGENCIES,data/processed/prism_education_career/occupation_to_industry.csv,Medium,PRISM Synthetic Graph Mapping,Industry employment distribution
GGOCC-00280,IND-HOSPITALITY___TOURISM,data/processed/prism_education_career/occupation_to_industry.csv,High,PRISM Synthetic Graph Mapping,Industry employment distribution
GGOCC-00280,IND-FOOD___BEVERAGE,data/processed/prism_education_career/occupation_to_industry.csv,High,PRISM Synthetic Graph Mapping,Industry employment distribution
GGOCC-00280,IND-TRAVEL___CRUISE_LINES,data/processed/prism_education_career/occupation_to_industry.csv,Medium,PRISM Synthetic Graph Mapping,Industry employment distribution
GGOCC-00050,IND-AVIATION___AIRLINES,data/processed/prism_education_career/occupation_to_industry.csv,High,PRISM Synthetic Graph Mapping,Industry employment distribution
GGOCC-00050,IND-FACILITY_MANAGEMENT,data/processed/prism_education_career/occupation_to_industry.csv,High,PRISM Synthetic Graph Mapping,Industry employment distribution
GGOCC-00050,IND-CORPORATE_OPERATIONS,data/processed/prism_education_career/occupation_to_industry.csv,Medium,PRISM Synthetic Graph Mapping,Industry employment distribution
